CREATE DATABASE  IF NOT EXISTS `projectwork` /*!40100 DEFAULT CHARACTER SET utf8mb4 COLLATE utf8mb4_0900_ai_ci */ /*!80016 DEFAULT ENCRYPTION='N' */;
USE `projectwork`;
-- MySQL dump 10.13  Distrib 8.0.20, for Win64 (x86_64)
--
-- Host: localhost    Database: projectwork
-- ------------------------------------------------------
-- Server version	8.0.20

/*!40101 SET @OLD_CHARACTER_SET_CLIENT=@@CHARACTER_SET_CLIENT */;
/*!40101 SET @OLD_CHARACTER_SET_RESULTS=@@CHARACTER_SET_RESULTS */;
/*!40101 SET @OLD_COLLATION_CONNECTION=@@COLLATION_CONNECTION */;
/*!50503 SET NAMES utf8 */;
/*!40103 SET @OLD_TIME_ZONE=@@TIME_ZONE */;
/*!40103 SET TIME_ZONE='+00:00' */;
/*!40014 SET @OLD_UNIQUE_CHECKS=@@UNIQUE_CHECKS, UNIQUE_CHECKS=0 */;
/*!40014 SET @OLD_FOREIGN_KEY_CHECKS=@@FOREIGN_KEY_CHECKS, FOREIGN_KEY_CHECKS=0 */;
/*!40101 SET @OLD_SQL_MODE=@@SQL_MODE, SQL_MODE='NO_AUTO_VALUE_ON_ZERO' */;
/*!40111 SET @OLD_SQL_NOTES=@@SQL_NOTES, SQL_NOTES=0 */;

--
-- Table structure for table `categorie`
--

DROP TABLE IF EXISTS `categorie`;
/*!40101 SET @saved_cs_client     = @@character_set_client */;
/*!50503 SET character_set_client = utf8mb4 */;
CREATE TABLE `categorie` (
  `id_Categoria` int NOT NULL AUTO_INCREMENT,
  `nome` varchar(45) DEFAULT NULL,
  `descrizione` varchar(450) DEFAULT NULL,
  `immagine` text,
  `id_Genitore` int DEFAULT NULL,
  PRIMARY KEY (`id_Categoria`)
) ENGINE=InnoDB AUTO_INCREMENT=7 DEFAULT CHARSET=utf8mb4 COLLATE=utf8mb4_0900_ai_ci;
/*!40101 SET character_set_client = @saved_cs_client */;

--
-- Dumping data for table `categorie`
--

LOCK TABLES `categorie` WRITE;
/*!40000 ALTER TABLE `categorie` DISABLE KEYS */;
INSERT INTO `categorie` VALUES (1,'Accessori per tavola e cucina','Design e funzionalità si incontrano nella quotidianità della vostra cucina; accessori ed elementi di decoro per soddisfare tutte le vostre esigenze.','https://images-na.ssl-images-amazon.com/images/I/71DAFekxmHL._AC_SL1500_.jpg',0),(2,'Strumenti per la preparazione','Per preparare piatti perfetti è necessario utilizzare gli strumenti adatti','http://1.bp.blogspot.com/_L2zHhZy6aZ0/R9cilP3nHYI/AAAAAAAAACg/_tH8yoqEAgY/s1600/strumenti_cocktail.jpg',0),(3,'Piccoli elettrodomestici','Con i piccoli elettrodomestici da cucina potete creare con successo qualsiasi piatto in un batter d\'occhio','https://images-na.ssl-images-amazon.com/images/I/712c9bqGM6L._AC_SL1500_.jpg',0),(4,'Utensili da cucina','Utensili professionali da cucina e attrezzatura per la ristorazione',NULL,1),(5,'Glamour Tavola','Per offrire al vostro tavolo quel tocco di classe',NULL,1),(6,'Contenitori','Contenitori in diversi modelli',NULL,1);
/*!40000 ALTER TABLE `categorie` ENABLE KEYS */;
UNLOCK TABLES;

--
-- Table structure for table `giacenza`
--

DROP TABLE IF EXISTS `giacenza`;
/*!40101 SET @saved_cs_client     = @@character_set_client */;
/*!50503 SET character_set_client = utf8mb4 */;
CREATE TABLE `giacenza` (
  `id_Giacenza` int NOT NULL AUTO_INCREMENT,
  `quantità` int DEFAULT NULL,
  `prodotto_id_prodotto` int DEFAULT NULL,
  `sede_id_sede` int DEFAULT NULL,
  PRIMARY KEY (`id_Giacenza`),
  KEY `FK34n8klb8v4hvy10lxpiwxkvce` (`prodotto_id_prodotto`),
  KEY `FKsrwnpus6ovc74cs1qi6u319i3` (`sede_id_sede`),
  CONSTRAINT `FK34n8klb8v4hvy10lxpiwxkvce` FOREIGN KEY (`prodotto_id_prodotto`) REFERENCES `prodotti` (`id_Prodotto`),
  CONSTRAINT `FKsrwnpus6ovc74cs1qi6u319i3` FOREIGN KEY (`sede_id_sede`) REFERENCES `sedi` (`id_Sede`)
) ENGINE=InnoDB AUTO_INCREMENT=14 DEFAULT CHARSET=utf8mb4 COLLATE=utf8mb4_0900_ai_ci;
/*!40101 SET character_set_client = @saved_cs_client */;

--
-- Dumping data for table `giacenza`
--

LOCK TABLES `giacenza` WRITE;
/*!40000 ALTER TABLE `giacenza` DISABLE KEYS */;
INSERT INTO `giacenza` VALUES (1,100,1,1),(2,100,2,1),(3,100,3,1),(4,10,4,1),(5,5,5,1),(6,1005,1,2),(7,1005,2,2),(8,1000,3,2),(9,755,4,2),(10,10,1,4),(11,1000,5,2),(12,4,6,2),(13,100,6,1);
/*!40000 ALTER TABLE `giacenza` ENABLE KEYS */;
UNLOCK TABLES;

--
-- Table structure for table `immagini`
--

DROP TABLE IF EXISTS `immagini`;
/*!40101 SET @saved_cs_client     = @@character_set_client */;
/*!50503 SET character_set_client = utf8mb4 */;
CREATE TABLE `immagini` (
  `id_Immagine` int NOT NULL,
  `url_Immagine` varchar(3950) DEFAULT NULL,
  `principale` int DEFAULT NULL,
  `prodotto_id_prodotto` int DEFAULT NULL,
  PRIMARY KEY (`id_Immagine`),
  KEY `FKf0w3lmmw3qmn93r948s7opj9o` (`prodotto_id_prodotto`),
  CONSTRAINT `FKf0w3lmmw3qmn93r948s7opj9o` FOREIGN KEY (`prodotto_id_prodotto`) REFERENCES `prodotti` (`id_Prodotto`)
) ENGINE=InnoDB DEFAULT CHARSET=utf8mb4 COLLATE=utf8mb4_0900_ai_ci;
/*!40101 SET character_set_client = @saved_cs_client */;

--
-- Dumping data for table `immagini`
--

LOCK TABLES `immagini` WRITE;
/*!40000 ALTER TABLE `immagini` DISABLE KEYS */;
INSERT INTO `immagini` VALUES (1,'https://www.casalinghishop.com/images/upload/600/mestolo_cucina_acciaio_professionale_unipezzo_paderno.jpg',1,1),(2,'https://www.fashiontimes.it/wp-content/uploads/media/2016/08/Bugatti-2.jpg',1,2),(3,'https://www.profishop.it/media/image/98/fb/d6/gas_gm581.jpg',1,3),(4,'https://images-na.ssl-images-amazon.com/images/I/71r7MR-jQ9L._AC_SL1500_.jpg',1,4),(5,'https://www.tessilhotel.com/pub/media/catalog/product/cache/82d13e79aaac2fd6cb8ce0b90ab7a512/b/o/bollitore-elettrico-acciaio-inox-alberghi-hotel-bed-and-breakfast_0.jpg',1,5),(6,'https://encrypted-tbn0.gstatic.com/images?q=tbn%3AANd9GcTzv-Bzpu9LIpUDHjO1RZSdvYZ0u1nLqIwM1Wq21IuFMsk6fYyTzAnQ8FYCL-t3Zc1v-FdAJdo&usqp=CAc',0,5),(7,'https://encrypted-tbn0.gstatic.com/images?q=tbn%3AANd9GcRMw-k_8FcvNFPncFgBn5IIDnsN6Sdli15hvDceJgv2taDhjzXmOMauogFrnF6JMx-RC7wIp5Q&usqp=CAc',0,1),(8,'https://encrypted-tbn0.gstatic.com/images?q=tbn%3AANd9GcSXkwaGwPb1KFDnIdhVKocjZXO25J0bAzbwoKNPcJM_ZfwZIQ0zCeZKlhri-xQ50b0nAX0vwQyb&usqp=CAc',0,3),(9,'data:image/jpeg;base64,/9j/4AAQSkZJRgABAQAAAQABAAD/2wCEAAkGBwgHBgkIBwgKCgkLDRYPDQwMDRsUFRAWIB0iIiAdHx8kKDQsJCYxJx8fLT0tMTU3Ojo6Iys/RD84QzQ5OjcBCgoKDQwNGg8PGjclHyU3Nzc3Nzc3Nzc3Nzc3Nzc3Nzc3Nzc3Nzc3Nzc3Nzc3Nzc3Nzc3Nzc3Nzc3Nzc3Nzc3N//AABEIALcAtwMBIgACEQEDEQH/xAAcAAEAAQUBAQAAAAAAAAAAAAAABAEDBQYHAgj/xABAEAACAgECAgYGBggFBQAAAAAAAQIDBAURBhIHEyExQbEiUWFxocEUMlJygZEjJCUzY5Ky0RU1QsLhFyc0c6P/xAAZAQEAAwEBAAAAAAAAAAAAAAAAAQMEAgX/xAAqEQEAAgECBAQGAwAAAAAAAAAAAQIDBBEFEjFxEzOBsSEyNEJRwSIjJP/aAAwDAQACEQMRAD8A7iAAAAAAAAAAAAAAAAAAAAAAAAAAAAAAAAAAAAAAAAAAAAAAAAAAAAAAAAAAAAAAAAAAAAAAAAAAAAAAAAAAAAAAAAAAAAAAADX83ifHr1ael4vJblVJO3mnso7+bJ9GfY+V3Vw5X3yg+78DiUcm2XSDlXSk+Z6pZH8OscfI7LhpSoe/qAzIPFL3qg/XFHsCNqObRp2DfmZUuSmmDnN+xGC0jiSzV6Y5OL1EaZfVj2ya9je62fs2I3SxZOHA+byPbmspi/d1kTU+i2b+j5UG+xWRf5r/AIA6liZErd42RSmu3s7miSQsdJXw28Yv5E0CjaSbb2S72zXcLiivVLJvTVXOiE3DrJSe8mvYu4yHE9kqeG9Wtr7JwwrpRa9agzknRdZKOoX17+i6k9vc1/cDsmJlStk4WQUZbbrZ7pkogYy2spfr38mTwIGtaviaNifSc2ajGUlCC37ZSfckR8XVrr4830aEV6utbfkaH03ZE1ZouMn6Euusa9q5EvNmZ4CsldoWG5ybfK1u/ZJoDdqLldWpJNeDT8GXCNh9nWL2ryJIGN1vWsTRceu3Lmk7ZquqG+znIt4uqXXR5pY8En4Kxtr4HPemy2f+IaPSm+RV2z29u8UbLwVY79EwpTlu+qSbfs7ANwqsjbXGce5+D8D2R8Pblml4TfkiQB5nONcJTm0oxW7b8Ea3p/FMdXcp6aqnRGTipTbcnt7FtsTONbZ08IazZW2pxwrdmvD0Wcs6L7JR1DIr37HUnt7mv7gdixMqdsuS2CUtt04vsYLWOlGVT8d/kwBw7iuv/AuPsqN/6OFmYsiuUuxSU5c3Z+La/A61g5bnWoV9sp+itvaZnVdMxdRoshkQW8q5V86S3UWu1dqaInDmk06fgUxVll04ppTt2bX5IDMRXLFJeCKgAYDjzTbdX4T1DDx4OdzrVlcV3ylCSkkvftscv6NMuVOTlU2wnXKUYyipxa5kt+1fmjt5gdY0PCy9RwL5ytrsrlLlVc9k09t+z37AStJslkWSm16MI8u/rbMoeKqoUwUK4qMV4HsCNqWMs3TsrEb2V9M6/wCZNfM4VwBkvC4jniZP6O+NcoTrl3pprdfA78a/xFw/iZ0IXKUse6N8besqjHeUu7t3XqAk6Xd9IugkuyuO7fwMuWMTFqxalCpe+T72XwOY9N2LL6JpWeotwqssqk/VzJNf0Mr0dZ0HodCUk+WUl8TomoYOLqWJZiZ1MLqLPrQmt0/FGuabwrj4GtZDxpwqw5xjJYtVKgovZLdbdi327ewDYdNl1lErdtlOW69y7CWeYRjCCjBJRS2SXgegOX9N2HP6PpepRi3XTKdVj9XNs1/Sy90e6jCeg4zjJPl5l2feZ0TLxaMzHlj5VUbap/WhNbp+K+JgdP4bxcXWsu6Fs+qtUZdQoRjBPZLfsS8EgM1p27x1Y1s7G5bfBfBEookkkl2JFQIOu4b1HRM/Cj9bIx7Kl75RaRw3o+zFjcQyx7fQu6uUZQl2NNNdm34H0Aa7xFw7h5tMbYN41sb1c51Qju5d2/avU2BJ0u55F0El6ME5N/D5gyWJiV4lSrr3frk+9gCFxRdZRw7qEqYSna6JQrjBbtyl6K+LRjej6/Pt0Hq9UViyaLpVtWR2fLsmvg+8zeqNrCnt47eZa0d/orV/E+SJ5fhuMgACANH4zt1SPFGj2abTfKnFSnkTrjulCVi5k/wgbwQ8nbrZb+EQJgKLuRUAad0k5Go14WBVpFds8rr3aurW+0Yxae/8yNxMHxFJ9ZjpeqXyKNTl8LFN4THVmMazrceuzt9OCl2rbvRcI+nvfBo/9a8iQW0nmrEoGaPo+vXW9I+p6ZK1Sx3F8kX3qUYwTS/KRvBxXRLP+6WJbF7Tty8tzku+S6y2K3/CK/IWnbZpwYPFi079IdqBRFTpmDQtC1q6zpL1XAnb+r2RlyVv7cFCO/5Rkb6cK4Zybf8Aq8pSsk1LPyo7N+D6z/gtx4vEiZ36OL35ZiPy7qACp2GndJWTnVadgw0uNkst5XPHkW7SjCW/mjcTWuLpuNmNFPb6z8jJrtTOm09ssRvsu0+LxckUZzTr3k4GNfLfmsqjN7rbtaT7gWtGe+l4r/hoqaMV/Exxf8xuqvHLaYV1X/xdvXJIs6K943/fT+Bd1V/oK/bbFEfQ3v1/vXzLo+RDKgA4Ah39ttn3SYQ7f3t33f7AS4/VXuKnmv6kfcj0AMBxC/1mleqPzM+a9xC/12teqC82YeI/TymOrL6Z24FH3SURNKe+n0+5+ZLNWHy69oQHCuHZc3SFo9n253S/PIvR3U4DwlY58X8N2P8A1V83819r/wBxGTrD0tDH8Mnb9S76ipRFS15ofPnDlm3SlRPfv1K34ymvmfQZ84aFby9IeDP7Wpx+Nu3zNmkjet+zPn617vo8AGNoDVOLn+uUr1V7/E2s1Hi1/tKteqpebPI43O2jt3j3bNB58M/ob30rG+78wedAe+kY/ufmwb9L9PTtHsz5vMt3l71X6uMvXfEi6A+2/wB0fNkjVX6eKv4qIvD7fWXJ/ZXmzZHyK2aABWBBm/0lvuZOIDe9l3ukBMp/dQ+6j2eKP3Nf3UewBrevvfUF7IR82bIazrr/AGjL3R8jz+JeR6pr1ZrR/wDLqfx82TCDor306v3y82TjVp/Kr2hC3fPq6LJ/Zi38D5/4Uly8XcNxX+mihfnLf5nd9bs6nRc+37GNZL8os4Dw7Lq+N9EW+2ywl+ar/uTk6w9Xh1d6ZO36l9FIqURUteUHzDo12/FWm3+P02mf/wBEz6cm+WLfqW58radJw1HBmu+M6mvzRv0UfC7LqftfVRUoVMDUGm8VPfVdvVXFeZuRpfE7/a9nsjHyPF49P+T1hu4fH93o2Dhx/sej3y/qYKcNf5PT96f9TB6GhnfS4+0ezNn+GW3eU/Jx1kRj6TjKElKMl4Mt4eHHF55KXNOb3k9tvgSga91QACAI9mNzTbjLZPvWxIAFIpRioruS2KgADH5+lwy7FZzuE/Hs33MgDjJjrkry3jeBaxqYY9Maq9+WK8fEugHURERtAt5NNeTj20XR5qrYOE4+tNbNGhaN0X4mna/TqdupXZMMdxdNMq0muXbl5pb9u2y7ku5HQQJiJ6rcebJjiYpO26iKgEqg57idFOlY2uQz/pV08auxWV4ritls91Hm8Yr3b7eJ0IHdb2rvyz1czWLdQAHDoMTqmiV596uVjrnttL0d0zLApz4MeenJkjeHdMlsc81Z2lYw8avDx4UVb8sPF+PtBfBZWsVrFa9IczMzO8gAOkAAAAAAAAAAAAAAAAAAAAAAAAAAAAAAAAAAAAAAAAAAAAAAAAAAAAAAAAAAAAAAAAAAAAAAAAAAAAAAAAAAAAAAAAAAAAAD/9k=',0,2),(10,'https://encrypted-tbn0.gstatic.com/images?q=tbn%3AANd9GcRwNnBmiQ347kJV37UpH2g2TZdeukwYLg8Z8x_db2wDwkNUrUroEL9sjmP-zN-A8Uq9klfX5x8D&usqp=CAc',0,4),(11,'data:image/jpeg;base64,/9j/4AAQSkZJRgABAQAAAQABAAD/2wCEAAkGBxAQEBUREBMSEBAQEhAQEA8SEBAPEA8TFREWFhURFRUYHSgiGBolGxcVITEtJikrLjMuFyA/ODMtNygyLi0BCgoKDg0NFRAQFS0dFRk3LSsrKysrKzcrLS0tLSsrLSsrKysrKysrKysrKysrKysrKysrKysrKysrKysrKysrK//AABEIAQAAxQMBIgACEQEDEQH/xAAcAAEAAgMBAQEAAAAAAAAAAAAAAwUCBAYBBwj/xAA8EAACAQIDBAcFBwQBBQAAAAAAAQIDEQQSIQUxQVEGEyIyYXGBQlKRofAUI2KxwdHhBzNDU3IWRIKDov/EABUBAQEAAAAAAAAAAAAAAAAAAAAB/8QAFhEBAQEAAAAAAAAAAAAAAAAAABEB/9oADAMBAAIRAxEAPwD7C8VKdSdOCt1bUZSd9W4KV/LVLTiR0cBWgr9fOpPVtyjHK7u9si4cN/xM6r6uupPu1UoN8pLu/Hd8CHaG36VGtGhK8alRN05SWWnNrfBS4yWmn8gbmExeZ5JLLUWrjwkvejzRtnPzrSdTtu99IyXY6t807P10LjBV3NWlZTj2Zpbr814PegNgAAAAAAAAAAAAAAAAAAAAAAAAAAAABDi6OeLWl96urq6d1fw0Oc6S7PjiaLqSvCtRbdOW94ea4rz4vkdSaeMp5X1iV1a1SFr5487cWgOG2Zia2OjKFaXVTptRnCOmvP8AFFr9LPgui2TDq+7eVSKs02r1Y8V58v2NDpTs6UJLG4ZXnBduK/zUt7j5rejYweJjWpxrUne6Uk0RXT0qilFSWqaujMqsHiku1uhJ/eL/AFzft+T4+PqWpUAAAAAAAAAAAAAAAAAAAAAAAAAAAAAGhKmoPI/7c32OUJPfDyfD1ORxNN7OxN/+1xE9eVGq38oy/PzO6rUlOLi9z+rlXjcFHEU50KyUnls/xxe6a+t4Gop5HnWsJK0o8GmWuCrWtBu6avSl70eMX+Jfl6nI7FxE6U5YOu7zgr0qj/y0+D81uZd4eWV5JO0W80JcYS4NEV0AIMLWzJp6TjpOPJ814PeicqAAAAAAAAAAAAAAAAAAAAAAAAAAAEGKot2lHScNYvg+cX4MnAHM9JNlfaqSq0uxXpPNTdtYzW+EvB7mamx9oLE0rSWSpBuFSD3wkt6OlxCyN1PYdlVX5T9OPh5HKdJ8DLDVVjaCvHRYiEfbhwqJc1+QXF7hK7vzqQVrf7Ye75rev5LelUUkpR1TV0zmsNiFVjGrSd3ZNNcS1wmJS7S0hN2mv9dR8fJv5+bILMAFQAAAAAAAAAAAAAAAAAAAAAAAAAABo0HSS+6lrCd+rb+dN/p4eRvkWIoqccr9HxTW5rxA4PqpbOxPVu/2WvJ9W+FKbetN+D3o6GFRQebvU5q048GmT7RwMcVRnQrLtpWlbS/u1I/XA57YWLnTnLCYh/eU+7J/5YezNfr4kV12Dq27Dd9L05v24eP4lx9GbhRUJW+7btrmpT9yXD0/ctsJXzrVWlF5Zx92X7cV5lROAAAAAAAAAAAAAAAAAAAAAAAAAAAAA1sZRbtOH9yG78a4wfn+Zz/SfZMsVSVfDZY4mledOUrpXXepztwe58jqSs2ngKlSMo05ZY1O9q04u2ko6PwfoBR9G9ofbsJGsoOFXc6eaLdOS35mna3LW7RbbFlWqS62osnZyOOjzWelmt63tP8AF5lHLZiwEnUjd06rSxfak0pt6YhJvuybebk3fmXGzsR1csj7k+4+T931+t4F6DxM9AAAAAAAAAAAAAAAAAAAAAAAAAAAAAAIMXQU4tNJ6NWeqkmrOD8GctCn1E/s823Tnd4apLfZb6Mn78fmrcmdgVu2dnRrU3GV0naWZd6nNd2rHxXHmgMtmYpyWSXfjv8AFcJfX6lgcngcTNtxnaOKw7SqRXdqRa0nHnGS3evFHTYWupxUlx+K8GBMAAAAAAAAAAAAAAAAAAAAAAAAAAAAAAACg29s2bcatC3X0r9Utyqw3yw0nye+L4NfHHZG0ISUakP7VV2kmrOlUWjUlwd9H5F/OCas+P1c5ba9H7LUliLfcVLLGQS0jwji4rhyn5X4O4dUmelds3EexJ3aStL348JL8vgWIAAAAAAAAAAAAAAAAAAAAAAAAAAAAAAIsRSzLg9+j1TT3xfgyUAclh6bwtSND/HLM8FJ+zZXng5PmlfLzj/xudNhK6nG6/leD8TW2vs+Nam4yuk7PNHv05xd4VYfii7FbsrGzUpRq2jVpuMa6WkW33MRBe5NL0d1viB0QPIu6PQAAAAAAAAAAAAAAAAAAAAAAAAAAAAAAUm28DLs1aSvVpKSjHcq9N6zw787Xjya5XLsxqQzK3wfJ8GBW7Ix0Zwi4vNCSzQk9Hbk1wlHc/LwLQ5mcOor27tPEzb03UcUld28Ki7XmnzLvCYi/ZejW9fXADbAAAAAAAAAAAAAAAAAAAAAAAAAAAAAAABV7cwXW05RWkppZX7tWPapy+Kt6mpga7rUoVY6SaV1ye5xa+Rd143i+e9ea1XzKfZdPJKvH2euco/+yKqfnJgb+GxqektH9buZuJ3ND7PGRpbQxtPDazqumnzi5L1AvQfP9r/1PwmGi/vIVpxtanCFVSmrq6u1ZO3MsOj/AE1pY+OehUjlu1ly5akXyab3+gHYC5p0Kt97b9f2NtWAXR7cr9sYOdWDVOpKlK3eja/18PM08BCUabhKyqQcW6kW+3G9sye/4gXgIMPKV3GTu42tKyWaL3N+OjXoegTAAAAAAAAAAAAAAAAAAAUFCtmnUy7s8FfnalAvKzai7b7O3K/AqsLstUaeWChGMb5YwioQS8I8ANulI19rbPhiIOMt4pzJ4SA+PdMOg7acoLtrc7aPwZ8+2XjsRsvEXyuKbXWUuE0vag+f15fp7E4eM1qrnJ9I+iNDERalBP03eN+BaHRbpRRxNOM4TUk9OTT91rg/BnZYbEpnwj/pDG7OrddhfvIe3Sbs5x91vc2uD0t8b9ts7pphqKSxNaNGVk8lR2qK/BwWvyEH0xO5X1p2rZIpWlTnKbvbLy87tfJnCT/qnSq1I0MBRq4qrK/3k4yo0KaW+bVnOSXLKr8zb2XisVOM6ldrrq77eTuUaaVo0aer3pJyd3q2k2tSDsNk4l1XOVrJKEF5xTb+bBJsfDdXSS3N9p+v8WAG6AAAAAAAAAAAAAAAAeNnpgwKza+MlGSglaMlrP8AT65lhhrOC8iux1J1FOCerSlHdpJd1+tmj3Y2NzRUZaPVWfBrRoDLE08svAzpSNnF08yK5txA3nI1qiTInVbPKM8z7ClUf4e6vOb0+Db8AJ6OFi3uON/qD0OwmPlT6mSpYmlO1WdOGe9Jp5oT1UVK+Vq7utdHex2FTD1JK05ZV7lJyXpKejfplMIYaEIqMUoxjuikoxXgkgOW6P8ARShg6eSlG2azqTbzVKrW51J27XkkorgkdHgcGm033U16+BPTpZvCPPn5G0lbRblwA2wYw3HgEoAAAAAAAAAAAAAAABHMkI6m4Ct2hhFVitXGcW3TqRbjKL4q61syjq9bGo3OTU3bNdQtL8WiV/M6SRHVpRkrSSa8QKqltCqt7T/8Wv1JHi5y5LyX73JJ7Mh7LlHwvdCOAt7X/wA/yUeU6Sfe7X/J3t5J7ixjVSW81Y4XnJ/JEqoxXC/nqQeOvfurMZQpX1lr4cP5Mkz0DNnqMLkkUBNSWgM4LQ8AzAAAAAAAAAAAAAAAAMJIzAGnJGJsVYETiBGwZWPbAR2PGSNGIGB6j1oyUSjyKJ4RMVEnpxsQZgAAAAAAAAAAAAAAAAAAAAPGiKUbEwaAgynjiSuBi4sCPIOrM7HtmBH1YUSXIZqNgMIQJAAAAA//2Q==',0,1),(12,'https://media-exp1.licdn.com/dms/image/C4D0BAQHfpyHqcRq4pw/company-logo_200_200/0/1519952614888?e=1618444800&v=beta&t=kB3ZWH-3swlQHR8EGxg2WkACZxYdQzMQeBcbKMnBUXI',1,6),(13,'https://media-exp1.licdn.com/dms/image/C4D0BAQHfpyHqcRq4pw/company-logo_200_200/0/1519952614888?e=1618444800&v=beta&t=kB3ZWH-3swlQHR8EGxg2WkACZxYdQzMQeBcbKMnBUXI',1,7),(14,'https://media-exp1.licdn.com/dms/image/C4D0BAQHfpyHqcRq4pw/company-logo_200_200/0/1519952614888?e=1618444800&v=beta&t=kB3ZWH-3swlQHR8EGxg2WkACZxYdQzMQeBcbKMnBUXI',1,8),(15,'https://media-exp1.licdn.com/dms/image/C4D0BAQHfpyHqcRq4pw/company-logo_200_200/0/1519952614888?e=1618444800&v=beta&t=kB3ZWH-3swlQHR8EGxg2WkACZxYdQzMQeBcbKMnBUXI',0,6),(16,'https://media-exp1.licdn.com/dms/image/C4D0BAQHfpyHqcRq4pw/company-logo_200_200/0/1519952614888?e=1618444800&v=beta&t=kB3ZWH-3swlQHR8EGxg2WkACZxYdQzMQeBcbKMnBUXI',0,7),(17,'https://www.pelletteriapratali.it/image.ashx?s=12205&im=50116&t=p',1,10);
/*!40000 ALTER TABLE `immagini` ENABLE KEYS */;
UNLOCK TABLES;

--
-- Table structure for table `indirizzi`
--

DROP TABLE IF EXISTS `indirizzi`;
/*!40101 SET @saved_cs_client     = @@character_set_client */;
/*!50503 SET character_set_client = utf8mb4 */;
CREATE TABLE `indirizzi` (
  `id_Indirizzo` int NOT NULL,
  `via` varchar(45) DEFAULT NULL,
  `città` varchar(45) DEFAULT NULL,
  `provincia` varchar(45) DEFAULT NULL,
  `cap` int DEFAULT NULL,
  `note` varchar(45) DEFAULT NULL,
  `utente_id_utente` int DEFAULT NULL,
  PRIMARY KEY (`id_Indirizzo`),
  KEY `FKk0btx5i3hor7tq0hlbm5ktrmy` (`utente_id_utente`),
  CONSTRAINT `FKk0btx5i3hor7tq0hlbm5ktrmy` FOREIGN KEY (`utente_id_utente`) REFERENCES `utenti` (`id_Utente`)
) ENGINE=InnoDB DEFAULT CHARSET=utf8mb4 COLLATE=utf8mb4_0900_ai_ci;
/*!40101 SET character_set_client = @saved_cs_client */;

--
-- Dumping data for table `indirizzi`
--

LOCK TABLES `indirizzi` WRITE;
/*!40000 ALTER TABLE `indirizzi` DISABLE KEYS */;
INSERT INTO `indirizzi` VALUES (1,'Via aaaaaa','Roma','Roma',100,NULL,1),(2,'Via bbbbb','Roma','Roma',100,'presso Marietta Rossi',1),(3,'Via cccccc','Roma','Roma',100,'presso Lucia Lucina',1),(4,'Via dddddd','venezia','ve',30100,NULL,2),(5,'Via eeeeee','firenze','fi',50100,NULL,3),(6,'Via ffffff','milano','mi',20146,NULL,4),(7,'Via gggggg','gallarate','va',21123,NULL,5);
/*!40000 ALTER TABLE `indirizzi` ENABLE KEYS */;
UNLOCK TABLES;

--
-- Table structure for table `lista_promo`
--

DROP TABLE IF EXISTS `lista_promo`;
/*!40101 SET @saved_cs_client     = @@character_set_client */;
/*!50503 SET character_set_client = utf8mb4 */;
CREATE TABLE `lista_promo` (
  `id_lista_promo` int NOT NULL,
  `prodotto_id_prodotto` int DEFAULT NULL,
  `promozione_id_promozione` int DEFAULT NULL,
  PRIMARY KEY (`id_lista_promo`),
  KEY `FKfqkciheb7sueqksvw2n8n2l92` (`prodotto_id_prodotto`),
  KEY `FKaua2j2pa5lpy3ef1aa3xi1glc` (`promozione_id_promozione`),
  CONSTRAINT `FKaua2j2pa5lpy3ef1aa3xi1glc` FOREIGN KEY (`promozione_id_promozione`) REFERENCES `promozioni` (`id_Promozione`),
  CONSTRAINT `FKfqkciheb7sueqksvw2n8n2l92` FOREIGN KEY (`prodotto_id_prodotto`) REFERENCES `prodotti` (`id_Prodotto`)
) ENGINE=InnoDB DEFAULT CHARSET=utf8mb4 COLLATE=utf8mb4_0900_ai_ci;
/*!40101 SET character_set_client = @saved_cs_client */;

--
-- Dumping data for table `lista_promo`
--

LOCK TABLES `lista_promo` WRITE;
/*!40000 ALTER TABLE `lista_promo` DISABLE KEYS */;
INSERT INTO `lista_promo` VALUES (1,6,3),(2,5,3),(3,4,6),(4,3,6),(5,2,5),(6,1,5),(7,7,6),(22,10,7),(23,1,7),(24,2,7),(25,3,7),(26,4,7),(28,6,8),(29,7,8),(31,8,6),(32,5,8),(33,8,8);
/*!40000 ALTER TABLE `lista_promo` ENABLE KEYS */;
UNLOCK TABLES;

--
-- Table structure for table `marche`
--

DROP TABLE IF EXISTS `marche`;
/*!40101 SET @saved_cs_client     = @@character_set_client */;
/*!50503 SET character_set_client = utf8mb4 */;
CREATE TABLE `marche` (
  `id_Marca` int NOT NULL AUTO_INCREMENT,
  `nome` varchar(45) DEFAULT NULL,
  `grande` int DEFAULT '0',
  `immagine` text,
  PRIMARY KEY (`id_Marca`)
) ENGINE=InnoDB AUTO_INCREMENT=10 DEFAULT CHARSET=utf8mb4 COLLATE=utf8mb4_0900_ai_ci;
/*!40101 SET character_set_client = @saved_cs_client */;

--
-- Dumping data for table `marche`
--

LOCK TABLES `marche` WRITE;
/*!40000 ALTER TABLE `marche` DISABLE KEYS */;
INSERT INTO `marche` VALUES (1,'Bialetti',1,'data:image/jpeg;base64,/9j/4AAQSkZJRgABAQAAAQABAAD/2wCEAAkGBxMTEhUSExAWFRUWGBoVFxgWFhUWGBgYFxUXGBgVFhcYHSggGBolGxgVITEiJSkrLi4uFx8zODMsNygvLisBCgoKDg0OGhAQGy0lICUtLS0tLSstLS0vLS0tLS0tLS0tLS0tLS0tLS0tLS0tLS0tLS0tLS0tLS0tLS0tLS0tLf/AABEIAQAAxQMBEQACEQEDEQH/xAAcAAEAAgMBAQEAAAAAAAAAAAAABgcDBAUBAgj/xAA/EAABBAADBQUFBQcDBQEAAAABAAIDEQQSIQUGMUFREyJhcZEHMoGhsRQjcpLhM0JSYoLB8CSi0RVzstLiFv/EABsBAQACAwEBAAAAAAAAAAAAAAABBAIDBQYH/8QANBEBAAICAAQDBQcEAgMAAAAAAAECAxEEEiExBUFREyIyYXEUFUJSgZHBI6HR8JKxM1Ph/9oADAMBAAIRAxEAPwC8UBAQEBAQEBAQEBAQEBAQEBAQEBAQEBAQEBAQEBAQEBAQEBAQEBAQEBAQEBAQEBAQEBAQEBAQEBAQEBAQEBAQEBAQEBAQEBAQEBAQEBAQEBAQEBAQEBAQEBAQEBAQEBAQEBAQEBAQEBAQEBAQEBAQEBAQEBAQEBAQEBAQEBAQEBAQEBAQEBAQEBAQEBAQEBAQEBAQEBAQEBAQEBB441qUHkcgcLaQQeBBseoQfSAgICAg+BK28uYZhqRYsDrSD7QEBAQEHxJK1vvOAs0LIGvTVB9oCAgICAgICAgIFoIf7T8z8BNHFKGyCnUAXZgDbmEDqPog5PsXaYsFUsgBe8lrCCMoAA56EkgnTwQWLaBaD1AQY5pmtFucB/nLqgpPdvBTN2698k3da57zJld32HNlb8Q4A3pofBBdscgcLaQR1BtB92gICDwuHVBTvtshklkw7on52DulmUuAdmsOB8Qa/pCCz93XAYeKMyiR7I2tc7WyQ0AmjrSDp2g9tAQEBAQEHLwG8OFmldBFiGPkZ7zQdfhyd8EHSkBo0aPKxfyQQraO3Zmvc2X3WuykMFHzu9QeNeK59uNmlpi0OpTw6MtYtS3f1cvE7ZYeTq5CgAPDipjj8foT4Tm9YY8NtJn8wHg0H4VaTx+P0PurN6w8xO0MU8tbhnyNF/utLhWnFtmvhSV4yMk6ispv4f7Ku7WjaEbW2rtvBYjtJZpWh7nOjjfKx4LMxygx5jWnUcldr2hzL/FOl3bn7bGNwkWJAovBzDo5ri1wHhYKyYtXefaOIhLchbleastJIrlx59fAqrxGecXXTG06RyfbrSO9nzc+Dr8LJ4eCr18Txz3g5mgNrMJ913nQ/wCVn944vmczbl2qQ09k5+Yg6+6eHLKdfitVvEqb1WuzmRbef/rXZNljmxDY2BzpHGQQcS0NFOcC4+9wHNXcNubdojW2SReyHfSfEufhMUS6RrO0Y81bmghpBI46ka+a3iwttTSsidJFlJYC7K4E2BqQCDoVnjrFrREsLzMVmYQB2+BP7cEkixkHdH9BP91enw+2/dlUjjIjvDSn3liP7rz5hvrxWH3fk9YZ/bKM0W8UQGgffIZW1fW81j4Kfu/J5zCJ4yno0cTjNp4hsv2Y4iyKjDSQ2zWokcQB8T+mGXBGLptnTLOTycHdzfTaOBxYjxcr5Y84ZK18glLbNW1wJqvA1eiprL9ABB6gIPLQaeM2jG0EF18iBy8zyQVH7P8AYX2TaMkshkMbLERJBzWMgLtBZyk8EFwRY6Nw0ePEHQjzBQRPfXDt/aAjvUDqOLf0IXL43H+KHa8Mza9yyE48U134T8gudSOupdq09J0+sASWjMKPPz514JeNWRSd1iZTXcmZrGyFxrUAdT5Dmul4fHSXF8XmJmsIb7UNjOxWLhmgL+AY8Xo3KTTgK0Pe115LpuMsDcpsWHwkOH7QZmjvE6Bz3EueW3/MTpxQdHeDDiWB1EW3vj+nj8rVbiaxekx5omOiscSOK87yTWZ21ObhXu7Rwru6UfGhY+Y+a2TWOSJSkOyh97H+Ielpw9ZnNVMJB7RWsxWDkhY52fR7Cw5bLTdWeIIscOa9O2Ix7Jdi/ZXmedxzGMRsbRJYC+3k+Bplaaa2gtZszHDRwcD0IKIlTm82A7Kd0Y4NuvKyR8iF3+GyxbHG5cjPjmLI3inEFtC9aPlzW6+4mGuvVvxDRZMVrbr4xkeDiDjrRJA4iyePRcDip3lmXY4eNUhVGG3Pcce/M9ww/aNfbzmLoxJmycALy6eCrty9YMfG7g8eR0I+BQZTO3+IeoQmJjuyIK89oOMxWHkjdHM7spL7pqg4cW2P3SDdHoVXy3tTrDqcBgxZ62raOsImd+35QHQNJHR5aPOspWEcRPosW8Kp5WlgZvq4n9gPz/8Ayp+0T6MI8LrP4mSfeLEYmoYIg1zu60ZiSSdAMxqljGe0zptt4Zix0m1rT0au8vs6xpYJy9jMrQ0RmVz3udqSS7KGg8hqeAW61+SN2czk9rbWOe0OBsLaj5cNNFIJH5WhoLBb6dY+SqcRjrW9bxpd4HNa2O2O25+iYblU1jY3tedS3NKO8Sdcw6C3V4fBUOIvMWm0aXJx29hqszEwmjQGDKLquov1pYV8WyY+k1hxrYufrMy1JGknjXw/VZffk/lR9n+bPGwBta2ed/2pJ8ZvMdKwj2Eerlba3IxGJilEUxZ2gaB2kjiyg9rnODRdOIHgrvDXzZfeyVjXq13isdlW4Pt8Dixh3uzBxbwJIIcaDhfDW/RWcsUz45lonUw7ey9MY6QNm73dp7fu7AHe8jlFfquda2sUR06MJWVhWtDRK0VdaaV04V4Lu8LixXpFqxrbROW1Hxipbs8L66/4FZ+zx6ojip9HmGA4us+Wnz1UfZ/mfa59DE7EfiCMj3to2S2QsodDVZgfG1FqVrHWWVMt7z0hVG+u7OKwEz5nTNdmeX9wuOUSPJaDmAvosOW0V9pDdzVm3JMNbGS9tHE6pQSc1xjTiWkE8l0otOTHWZ3+ilyxjtaI0mGzMScrSGgHQ6sbm1HM14rXx3NXVqzOnW8HxYM8TTJX3odB29rqp0QNdHFo86o6rmO5Pg1PKzXbvOSf2Q/N+iMfuev52efbMsw7KKPKXd0DNZJOgAOlIn7rxY4m15mYhp7Y9l2PxDWvEjGFjT3JJXve5xN1mDaHQalHHzTTtSZmPm5/s/8AaDiMJHJBK10oY4BocSTGQXBzfUDTwKNC3N+tniXCP6x/eD+m7/2ly1Zo3SVzgMk480fPooeZlBUYl6e0dGpg3d52oOvC+GqztGoVsM7vMJZuQz/XYf8AGD/dRi63hlx3TBb6LX362jHBg5ZZD7rS4CrzEDRo8yQPir15rPuz5vL4+bfNXyVDuLgWQ4btJa7SU5jecd0aN1aK1OY/EKrmtgvPLfyXeFx8TSObHHdMNmzYe7IGg5GQ6/EAfNaOXhIhZtPHWjTtPcHAOHAgFcHiaxF50rTWazMW7uRtCYNliHaNaSXaEgZxbAQL8SFpxUma2nSLS6rQsawmUtwRqJpPANtex4Xpgr9FC/xSorG9litsyy69hhxlsNdTntzECmgkd5x/IpvkxVrq3TbDcJDDiMPf7vrN/wCqp8vBseiTYaWJ0bmxA02jqCON9dV0+By4+tKdoV+IiNdGhtUhsbySAA0kk6AUDqV0pnop1jq92Qc0be+H6VmBBDq0uxpyURPRMx10le7Q0f8ABVs/kucN2lXvt0xrHCLCsAM0jmg6e61pzXfmW+q1xFtcsebfM1idz5OdBHgomsjsHI0Nt3bNJIAs1lrU3wV6n2nHHLWOipaMF53LqwSYPJTB94SA0jtCOI5vr6KMtOIvX3+y1wObDhzRNfPojWIjq/Nc57us76OfhH/eOGYGuViwRxPxv5I10tHPaNpNu2z/AFUP42/VGnjJ/o2+i3NsbQZh4JZ3mmRMdI7yaCa8zwUvJK19jO7Qfh5sbiIwXYqQvaDwDWueS4Dxe5/wAUCydsxF0ErQLJjeAP6Sot2lswzrJWfnD8841tEj5Lm9p6vYTO67hydnwkPc4xhubicwPott7RMKeDHNMk25dbTz2fQF2NhIBOUkmuQynj05KMETNk+I2iMFolKvaxs6TE/ZoQ4NhDnST694htZGgc7N+VBb8+SKdfNwuFwWy9I7b6ooNNBoBoFxJnfV6msRWNQzNKxlKV7NdcDD4EejiFW4is93A4rpms4O8OzXTTRO+ytkERDmvMjWkG7LS0iyO60+ddE4bNGOlo5tb+StaszPZJodRqtFK7nUJl3dsSPZgZTGB2ghcGWaGctptnkLIXraapgjm9FG3eVPbM2X9mjEZdmee/I7q92p15rh8bl58nTtHZpmdy3onHqqcQh3t2Xd6Rt8Wg+h/VdrwW2skx8mvJHuvveCFzonsbEJcwylhcGgg8dT0Xp56wqVmIt1lj3VwZhhbEYhGG8AHB3HUkkaXZKiI1CbW3O9pxsBtBx8R9FVzd1zBGoVFvrhXP2jiMS8jK0iKEA8A1oDnHobzK9weCdxa3byaOIyx1rDktdqun5qLawr6e03wcPqFGSN0mPkzw25clZ+cNnaDKJHivMvpuG3NXoj+AwzhM6QwhubQnMDpxsDxIFo1Y8VoyWvy638053RiLsVDQunA/ABS08faIw23KZ+0HYU+OhiwsTwyJ8rTiXE07sm97KwcyXBvp0R5dJMHhWRMbGxoaxjQ1oHABooBB8bSxYiifK4WGNLiBxNDgFFp1G2eOk3tFY81Q4ze6IhzZMNr+6bY8+GjgB81WjNWe8OtPh+SnSt2jht5cMHX9lPHnFCOfXMVPtaR5MY4TiJ/GlW7W+DH4lrWwZWOIYCHDQuNAkUNErmjeohGbw+0Y+ebbmHY32Dg4vI7uSgeV66HpxVXja2m2/Jn4bekV5ZnrtBFzXciY8mZnBQlKNksywsJ52emhK3V46uGvJau3nuOj2mWZqxyF+bRzqvhQOnT3lP3hwn5FP2V/V0IH90NOpvU8Pl+qyjxTFHwUPY285dvbYdJhD2YsmtOdA6gdToujktOXBuvmrXjXRV2Nfbz4afJefy1mLdYadPiFa4S7e7kJc9xB0a3XxvgPDgut4VhtbLzdtfyxtbl6ujjpSaykjrVH6kL0fsb+rV7ennDJs+YjVxJ0qiMuvXQlPZW9SM9I8kn2C4ZSBxPe9VpyU5Zb8eTnjoqre2F7JHNkaQS9zvA2SbB5jVdrh70mkanyc3NW0WncOA1WIaWwxtkDqaU3tFazMpx0m94rHmlOJ3hYAWyRAmtDoT55XD+681adzMva18NyxWOW7nwbbhu+xPLjFH9cyxZfYeJn8f/aTbE3lYZ25YqbYboRpm0uqGilrz+HXrTmtbaxAjkCCOb/z5cDL/ADFrfV4v5WtWafclc8PrzcRVQm0XXIf85KnD0N56sUSmSrs7vz5H5v4S135XWorOpTeN0mH6GADh1BH1XQ7w8jrUtObYeGd72GiPjkbfrSjkr6M4yXjtMvmLYOFb7uGiH9DT9Qo5Kx5Htb/mlHtpOFmhQzGq4UvIcdbdp+q3j7NBvFUWxniOo81sp8UE9ks2Q6466Ej+/wDdet8PtvEo5I95lxGzoZP2kMb/AMTGu+oV2axPeGtqjdzCXf2WL8gr04KPZ09IGptWCOOmsjawUTTWhv08lZwViFbPKKFXFBlZwQSXd6T3fEEeiq5oXeHl25sOx4pzGuHRwBHoVXjotOfJu3hDqcJD8I2j6BZc9vWUclfRo7wbOw8GFldHBGw5coLWNB7xDeNXzSbWnvK1wdInNXXqqDah+8PgAsHrKfC1o0bKursR9OPlfoUaeIjdV5wSZmtcOBAPqLUvHWjUzD7RCOb97JlxOGyRVma4PynTNQIq+R1vXotWWs2rqFvgc9cOXmso7amyMRG93aYeVuvNjq9apVuS0eTt/acV53FoasOHf/A78pUTW3ozrmx/mhId3d28VK/u4d4aRRc9pa0a8bPH4JGK0sMnG4aRPXcr2wURbGxpNlrWtJ4XQAuleiNQ81ad2mWdSh45RaNxoQvasLmGnNdz1yuy/mqh5FeU4zgM8T0rtcpkq53btB1e0eZAVL7Nm/LP7NvNX1bMTr923fhBd9Fsx8JntPSssbXrHmlmx4XNacwqzdHkvUcFgvipqypktEz0dFXWsQcHeGF+rg0uGWu6CSOPIalbsV4jurZsdp6wiLngcTXnp9Vai9Z81P2dvSWWGVpqnA+RB+ic9fU9nb0SPd+F2hLXAAniCL8rVfNes9lrDjtHdI1XW3qDj71YB82HcyP3rBo86N1fL9EWeEyxiyxaym9rbNnZI7PBI3Xmx1etUUekx8XgtEas0ooz/CfQqG6M+KJ+KP3h3dg7GxEjxlgfRFZi0taPMlFfieNw1r8X7Lj2bAWRRsJstY1t8LoAKXl8lua0zDZRgUgUg8pB7SAgICDykAtQe0gICAg8pApAAQe0gICAgUg8pApB6gICAgICAgICAgICAgICAgICAgICAgICAgICAgICAg8JpB5HIHC2uBHUEEeoQfSAgICAgICAgICAg8tB6gICAgICAgICAgIIb7V4pjgCYuDXtdK26zRi7HiMxYa8EEY9iDZzJipHEiHutonjKCSSBelNIs88w41pItlQCAgICAgICAgICCofbDvlicNiGYaCQxN7Nshc3Rzi5zx73Joy+toJD7It5ZsZh5BO7O6JzQHni4OBNHqRXHxCCeoCAgICAgICDn7T2zFBXalzQeByOLSemYCgfAqJtEd23Fgvl+CN/rDSj3kjk/ZPbr1IDvynUKYms+ZfBlp8VZj9H3JgxM0tlGZrhrfnfw1AUtT5wWx44GkRCrNk2LJ81KNvJduti/aSNrxI/wA9VE6hlFZt2hobe3zGGw7cSImyxuIAMcoI710QQ0giwRax3202xjjVtzqYjtpH9me2GB7w2fDuhaTWcO7QN8XDKCB5WstNKymPBAIIIIsEagg8CDzCgfSAgICAg8tBikxAbx49EFY+2XZkmJjgdHBmLXkFzQXPAqw3TXLxPDiPUO77MtnS4XAtjkjDXFxdVAOINUX/AM3nypBMG4kcwQg52295sNhGdpO8saTlByudZ6DKCseaOaKp1OttTYe/GBxbhHDiAXng1wcxx8g4C1khIwgICAgIOZvHs/t8NLFVkttv4m95vzAHxWN681ZhY4XN7LNW/wA+v081O4pvdZ4i/mVRtHSHsMVveswCQtBpxHkSPosYmWy0V72hqYmd38buHUpuURSnpH7OcYw40eZF9eKVjcteW01jcLd2d7N4TBHFPiJpWAB3Zh5jjDuJIaNQeOoPM9VepTl83luJ42cu4isRvz8+nzV97Ut0YcDJCcPmEczX91zi7K6PJwJ1IIfzui3x02qK0/ZgXf8AS8Jn49mQPwB7hH8MmVQJSgICAgIOVt/DOMZex7muaL7rnAEDjYB6Ln+IYbWxzekzEx6TMfVvwWiLatHSUTxkjtO87h1K8/nzZY1q9v8AlP8Al0MVK+kOdicUWtzFxqxep01r/PNaKZc17csXt+8/5WJpSsb5Y/aGzh8QSBTjVXxKw9tmidTe3/Kf8sZx01vUfs2MS17wA0u/pLr6Cq1W6MvETrltaf1lriuON7iHP3z3a2hj8PHCyNjS2QOJkdkGjHCz7xvhy5r0fB34m8xOauoiP1men/1QzRhrHuTtVO8e7uK2ZNG2bK1zrfG+JxcDlIujQLSCRy5hdFX7v0puzjHTYTDyv958THO8y0WUYumgICAgIKi30wgincwcOI8A4lwHwulTzRqXq/DMk3xbn/fJHZDQJ8CtMQ6GS0RWZlzRVaEHyN8dT9VNu7Xh1ydJ/wB7/wAviFtvaP5gpp3hhxE6pP0fpJgoAeC6Dxanfabmx+1IMBEdYx2ZI/ddLlklJ/DGyM/EhTCVvYLCsijZFG0NZG0MaBwDWgAD0AUIZkBAQEBB45tgg8ComNxqTekB2qzK4t6Ej0NLyHHV5bzDr8PO42je3sfHDGHSGg57G8uN5uenBpWng8N8uTVO8RM/x/KzlyVpXdvWG7sTEtkja9ji5rhoTpYuuC15qWplmtukwxi0WpEwlGwh963yXT8Mj+tCnxHwSloXp3NUVv3Odr7XiwUGrILiLxqNS0zSeTaDR4jxUQy7QvDCYdsbGxtFNY0NHk0UPopYsyAgICAgq/2jN/1N/wArfoqufu9J4PP9KfqiGJaC0ggkEUQOJtaa9JjTp5orbHMWjcTHaHGwsIaCKd1JcCL+ZU5bc0tHBYYxY5iInvvr5/3lt7MjzTRjq9v/AJBKd4ZcXOsdvpL9Abb2gMPh5py0u7KN0mUcXZWk5R58FfeNQn2U7uyNEm0MUD9oxBJGYEFrHOzOdR1bndrXJrWqRYagEBAQEBAQQXb37V/4j9V5LxH/AMtvq63C/DCM7Xw7pG5GtY5p94PvgCD3dDrxVThslcdua0zHppayVm1dRr9W5smJzWBrg0EaDIKFf8rDLeL5JtG+vqjUxXUpTu+PvW+Tvout4VH9aPpKjxM+5LS9pm80sDGYTCMc/GYkFseQWWMFB0nnrQvS9TwXpHPj1ZfZpuS3Z0JLyHYiSjI4aho5RtPEgHUnmfgpJnaZogQEBAQEHB3j2bhpC0zhovQOL8hvpdi/isbVrb4lrhuIz4v/ABTP01txZty8KayunIN6scx4HDq0/wCBa/YVXI8X4iO8R+0/5cz/APCYfNq7FfERgaXxORR9mr82U+NZ5/DX+/8AlubE3ZwbJ2ZAHyNIdTpMxABFnLYHyWyuKleytm47ictfe6R8o/lP1moCAgICAgICAg4e1IIsxLwzXgXUL0F+eqrZsHD2n+pEfq2Uvkj4ZlyJIYbNRxOH/cA6ePmtP2Lg/wAtW32+ePOWxhYINLjjbpd9qDr0q1P2Lg4/DH7onPnnzl2tmwRg2wNquIN9FvxYcNOuOI/Rqte8/E38ou+a3sH0gICAgICAgrP2gsMkmIdnIEDGjKBetZzZvSw6hpxVfLG9/J2eByRhjHHLvmmev9kFaxw5g/iaL9RSqxt6G1ay058G4g24EcdQCnU1T0Z93sSYJ4ntNVIwnl3c4sacqtZ0tMTCrxOGuTHbceUv0Wr7x4gICAgICAgFBANubY7SUM0r7wDTQGMgEa8/FcLxWmTki0612/n1XuF5d6ju5pYOg9F5uYdSJlnw7OgHosqwwtMpJu7jXZshqvTwXf8ACeJtNvZz9XO4nHGuZJgvQKIgICAgICAgpbeibtMZO7l2hH5O4D/tVHJPvS9jwVIrw9I+W/36/wAuWQsFi0scze6fI/RERLjvFgjwUET1fpLAT9pFHIOD2Nd+ZoP910Y6w8TevLaY9GdSxEBAQEBAQY8Q/K1x6An0CwvblrM+kJrG5iFdSwgu7Q6uDcoPQXZr48/ALyefiMmTHFbTuI7OtipFbbjzYlzlxnw3NZ1asjo7KfUrf88f7K94ffl4iv7K+eN0lNQvXuS9QEBAQEBAQU7tbYWJje4yQuNuJzNBe02buxw+NFUrUtE9nrcHGYLUiK2jt2no404LTThlPQij81hMTCzFot8M7+jE8gggakjgOKJ7dZauC2RPKcseHkefBjq+LjoPiQpitp7Q034jFSN2tH7/AOyvjdvDPiwkEUoAeyNjHAG6LWgcRx4K7WNRES8pxF63y2tXtMzLpLJpEBAQEBAQau0Y3Oje1vEtIC08RS18dq17zDOkxFomUNmwUgsFn0XnMnh/EzWYiv8A06FeIx73tpnCv/hKpfYeK/8AXK1HEYvzQzQYdwvu/RbK+H8Vrc0n+zVfiMc/ib2Bwby8EN4FW+F8P4mMlbTXURPnLTkz49a2mTBoF6eHNfSAgICAgICAg+Xxg8QD5i0Oz5bA0cGNHkAEJ692RAQEBAQEBAQEBB8uYDxAQfPYt/hHoEHvYt/hHoEH0Gjog9QEBAQEBAQEBAQEBAQEBAQEBAQEBAQEBAQEBAQEBAQEBAQEBAQEBAQEBAQEBAQEBAQEBAQEBAQEBAQEBAQEBAQEBAQEBAQEBAQEBAQEBAQEH//Z'),(2,'Bugatti',0,'data:image/jpeg;base64,/9j/4AAQSkZJRgABAQAAAQABAAD/2wCEAAkGBxAQDRARDhAPDxEODw0NDQ8NDQ8PEA0QFhEWFhYRExYZHTQgJBonGxMWIjEhMSk3LjouGB8/ODMsNyotMCsBCgoKDg0OGhAQGi0gHx4tNy4tLS0tLS0tLS0vListLS0tLS01Ky0tLS0tLS0tKy0tLS0tLS0tLSstLS0tLS0tLf/AABEIAMgAyAMBEQACEQEDEQH/xAAcAAEAAgMBAQEAAAAAAAAAAAAAAQcDBQYCBAj/xAA8EAACAQMCAwUFBAgHAQAAAAAAAQIDBBEFEgYhMQcTFFGRIkFhcaEyNEKyFRYzcnOBkrEkUlR0otHxI//EABsBAQACAwEBAAAAAAAAAAAAAAABAwIFBgQH/8QAKxEBAAEEAQMDAgYDAAAAAAAAAAECAwQREgUhMTJBURMUFSIzUqGxYXGB/9oADAMBAAIRAxEAPwC8QAAAAAAAAAAAAAAAAAAAAAAAAAAAAAAAAAAAAAAAAAAAAAAAAAAAAAAAAAAAAAAAAAAAAAAAAAAAAAAAAAAAAAAAAAAAAAAAAAAAAAAAAAAAAAAAAAAAAAAAAAAAAAAAAAAAAAAAAAAAAAAAAAAAAAAAAAAAAAAAAAAAAAAAAAAAAAAAAAAAAAAAAAAAAAAAAAAAAAAAAAAAAAAAAAAAAAAAAAAAAAAAAAAAAAAAAAAAAAAAAAAAAAAAAAAAAAAAAAAAAAAAAAAAAAAAAAAAAAAAAAAAAAAAAAAAAAAAEBABISgABIQBIAAAAAAAAAAAAEAAJA8d4vNeoTqTevNeqBxn4FJea9QalO4I0806sZdJJ/JphlNMx5h7DFjnVivtSS93NpcwmKZnxD2peQRPZDkvP6giJlj8TTzjfDOcY3LIZ/Tq+GRTXuf1DHUvQQjJAjvF5r1CeM/CUyUIc15/VBOpN6816oJ4yb15r1QRxkUl5g1J3i816oHGfg3rzXqgcZ+DvF5r1QOM/DzUrxj9qSj+9JIFNFVXiE06iksxaa8000CqmafLwrmG7Zvju67Ny3fPATwl+b9Lqd/dU43NxUhCpPFWrKcm0uucs88T37u8v0RatTNFO5WdHg/SNmfGyfL7XjoY+Zbqlzc5mVv0fw4niKXhLuMNMvq9ZNL9nVnLbLPKC28mYT28Nzi0xdtTN6jTutcuLt8MSleboV5Rip/hk496kt2Pe449TOfT3afHotffat+lyvY3N/pSay8O2qNrPJtTh19fqY25bDrlNMWtwu0tcpr3UV2tyf6Wnl9KVLHwW33FNzy7Do1FM48Tr5ddb8Tuw4etKv26tSDhSUm8Z3Pm/gkjPlqGsqwoyM2qPaHLaDZahrdabrXNSNGDXePLUFnpGMFy6GEbqbDIrsYFMRTT3l19PsoslHEqtdvHXdFfzxgs4Q1c9Yub7Uw+Zdnl1b1FKw1CdOOek93L5pPDI4TCyep27lOrttYVhTqRpQjVmqlSMUpzUdqm8c2kZ92luTTNU6jUOV7R+KfBW2ylL/7101DHWnH3zMa6my6Xg/Xr3MdoVLa8N3lxa1LyMHOnFybm5PfPb1cfPGPoV8Zl0lWVj0VxanW1gdlXFjqrwdxNucU3byk8ucVzcH8UZUS0vV8GKJ+rb8T5dBxXwVG/rRqSua1FxgobIc44y3nHnz+hlMbeDEz/ALeNcdqr440CenV4U416lWNSHeJtuLXtNY+hVVGnSdPyKcqmfy60+rgPhWWpd653FSlGi4r2cybbXxJpjbDqWXTi61TvaydF4GjbULikrm4n4mGxyctuzr7Uce/mWcXP38/6lcVcdaczrPZl3VvVq07ys5U6c6ijNcntTeOpE0PfY6tFVUUzRHdWdo6lSrCCqSTqThBPc+W54y/UqdFXTbpo5aWzZ9lsYuEpXtxlYb28ufweS3i5m51fe6Yohy/a+mtQpxy2o29NLLb97WfoYXGy6LEVWtzDpOxaTdndLL5VltX+VuCM6PDX9ciIvUskNGuVcfs57nPlL8MJ5i/Eb88+j5deeCeLD7i3w7qq0WnRldUo3LcaLnFVZLliP8imI793T5FdcW5+n5W5DQuHdqf+HfLr4uom/j9su/K5Sq/n8u/9Q4njOOnW9WlPSaso1Yybl3U5SjBY6qT55K6/8Nxg/WuUzGR4dNp9e+1PQLmNZOdRSSoS2qLrxjtk/m+TWTKPT3eG5FjGzKZo8e7jOBNYjp+oqdxGSi4ToVFtalTy4vLXX8JjTOm06ha+5sfklb74503Zu8VTxjOPa3emCzk5j8NyOWuKnOMNTWo6lOdvCclPZTpRUcynhY6FVXeXU4Nv7Wxqv2drxJwlcS0K0hGO6tZpznTjzbUstpY96yZ1U9mpxc63GZVVPipoezbiynYTq0blSjTqyi92HmlNcmpLr/4Y0VTD29Uw5yoiu330sTV9b028tpU5XsYQnhuVKr3c+XPHmW7iWhs4mTZr5RR3VJxT4WlUjGwurissPvJTk9q8lF8imry6bDiuqN3qYhYXZ9rSt9DnXuZylGlUq43Sbb54UI5+L+pZTMaaTqONzy4ot+6sdUvrjUbyVTbKpUqv2KcE5bYrpFFU95dFZotYtnjM6WLpOt6lb2cLeOkyapwVNNTxGSx1aLd6hob1jHru8/qK2vaNza3CqTpTtam91aS2uKi1LPs/BFXhv6Js3rXCJ2vXgriOF/aRqclVhiFeC/DLzXwZdTLjs3FmxcmPb2V921/fLf8AgP8AOzG53bzoHoqbPsQ/Z3f79P8AsLajr3mlaBY51ruIvuNz/t6/5GNLsf8AVp/2/OWj/e7f+PR/Ojz0+XeXo3a/4/Tseh6Hz2fMqO7YW/0rjyoUsesim47Don6DqOxL7rc/xofkRnR4a7r36lKycFjQezQVOCtNlJydnRy3l4i1z+SMeL2R1DI/ej9R9M/0dL/l/wBjiT1DI/d/TPb8KafTacLO3TXRujFtfzaGmFWZeq81NxCmorCSSXRLoS881TVO5a/UdAtLjnXt6NR/5pU05L5PqRpdbyrtv01NX+oGl9fCQ/rq/wBtxHGF/wCJZP7/AOm103Q7W3+70KVJvq4QSk/m+pOlFzJu3PXVtsNqJUR28NTqXDFlcvNe2pTk/wAW3bP+pcyNPTazL1v0VNZHs70pPPhennXuGvTfgjivnqmVPmv+Ife+EtP2bPB2+3y7qOfXGTLUKfvr8Vb5Ttn/AFetPD+G8PT7jO7utvs5znd8/iRph9zdivny7p0vQLS1bdvb0qTfJyjH2mvLPUaLuVdu+urbZYJUbfHqWlW9zDZcUoVY5ylOKeH5ryGltu/ctTuidMelaHbWu7w1GFLfjdsXOWPNiITeyK7vrnbBrfDNneuLuqKqOCxF95Ug0vLMWiJiJZ4+Xdsfp1a2y6LoVtZQlC1pKlGTUpe1Obk8Y5uTbERpheybt+d1zvTaEqWOtSU4uMknGScZJ9GmsNBNM6ncObt+AdMp1I1IWqUoyU45rV2lLOU1FywY8Ye2rqeVMcefZ0yRk8M/LTa1wtZXk1O6oKpKK2qSnUhLHlmLREw9NjNvWY1bq0+nRtFt7Om6drSVKLe5pOUm3jGW22/cIhheyLl6d3J22RKkAAQEdkhKAAAABIEAAAQBIEASAAAEgAIAAAAEgAAAAAAAAAAAAAAAAAAAAAAAAAAAAAAAAAAAAAAAAAAAAAAAAAAAAAAAAAAAAAAAAAAAAAAAAAAAAAAAAAAAAAAAAAAAAAAAAAAAAAAAAAAAAAAAAAAAAAAAAAAAAAAAAAAAAAAAAAAAAAAAAAAAAAAAAAAAAAAAAAAAAAAAAAAAAAAAAAAAAAAAAAAAAAAAAAAAAAAAAAAAAAAAAAAAAAAAAAAAAAAAAAAAAAAAAAAAAAAAAAAAAAAAAAAAAAAAAAAAAAAD/9k='),(3,'Bosh',1,'https://encrypted-tbn0.gstatic.com/images?q=tbn:ANd9GcTWgV8BNbjwwM1pfAzfVN5xu73JSShrKOcuCQ&usqp=CAU'),(4,'Alessi',0,'https://encrypted-tbn0.gstatic.com/images?q=tbn:ANd9GcSj-5trd8O6W2yxRQw0NySxVRagQ2LFiANaqA&usqp=CAU'),(5,'Lagostina',1,'data:image/png;base64,iVBORw0KGgoAAAANSUhEUgAAAOEAAADhCAMAAAAJbSJIAAAAwFBMVEW9Ehr///+6AAC8DBXSYGT67u7FLDO7AA28Ehu4AAC/ERq8Exm8AAC7AAq+ERy7AA/MZWm0AAD35eX++fntx8j12tv67e/VdXf14+T89PXLYWTjs7PHQ0jx0NHBICfSbnHjpKbdj5LKTVHpvb/hqqvekpTMUVb119rouLnUf4LhrK69HCHalpjBNDjnvr3ln6LXfIDsy8jGLjrEPEHLSE3CKTDOWVzjo6jUeXnRV1/aeoLHT1HWi4vObnPSf3/LX2DfpXBWAAAOT0lEQVR4nO2bC3PauhLHLSlgS5YsF2zeNgbzMAYHGgNNT5Ly/b/V3ZXJ6Zlp7tzpPaGZdvTrtKGOH1o9dv+7Mo5jsVgsFovFYrFYLBaLxWKxWCwWi8VisVgsFovFYrFYLBaLxWKxWCwWi8VisVgsFovFYrFYLBaL5RciPF84HvyBf4Xji+CjG/Tu+I7w4Z/Aw4+A99ENencCX3ieYFpr12We8P5AE0XgM9WenC/hqK3BPv+jG/TegEEsWCadLiEkb7M/z0CApzkZ7qeXzbA7VYH3J5kYoJfRwXnYnVGqZNrpHTWuxD8GGC3PoceSxCH1fZYuSEx9cDwf3a73hCl5GJKscpkj6IaQA3X+KPsCzfodkqykhqiv5oTsOUzcP2iSOqouyXAnlQNWqVWnO2PMD1DY/CnQY0y6fc3gI6P1gISMeehIfzNfKrw3vT8c1WdCWg9UeEy79YYMjvy39KKeeNM1+g7T4GLiuYK5Ko+LAcknSvyOolsE7O3jPu13ybrWwuV3UYuQMnWF+C1jvTtvv2Uj0xAaIupquRoQMsxrynzPD37DWcrqwYb/eFjoGWjQVIrJvkO6+ZRqdKHB7ziEdEkK+sNRwQ9d0pp/Ogx6hCTnrcJj+Ivf0ES5ICPXN833zA/hgHphB0gjSCuG+RlNqPv2Un0b9MzCE4KZW8LtPrpTwMIDhVZ5XnBNbAOm6AYTJaBThFT/xN0gmvjgmkG58goSSZ9R9uElAbkkscsZEz4oa4e5inL3Lh+CdfH+r3Au1E/JUBw/VOaazoYPcLvT5wcmPjhj1nWHdPr1KRBMB9v2qg+eBSfoUnDJXY2G/8wYCGMPrRJScpDqGcmo732sVvflDMcryovxuMiTYTM7ozlOLxgSEYif0jEokLQMYxLXmvluP+6rjy7rgKI+JI1ZZNi7GpilbtOsn5pgDFAwyx8iuE3cloGQshLod27V+P8BKmjzbM6pFFpy+MllTkh3xhn+Co3zGl8ojBP5nlT4TiCaO6DzxI8u1Wk1mUwPm9h0Urc7HLZarT29mud5r1fifUz/idvnKPCAq84UkBXh4+mXIeku8bOpjYKHbUSrh21Co/4xHH7TbA+LxY77OM6juDMw1g3yxe5xdHxItaTXB/hCwBq9dpHpE+f2OYr4x/1xjAJHyz20b8/Qw3ugXzz0MgFWg72moOG/XuJd29f8wlWMzV8eZ8vMGFjUW0mVC3PWAb9qBq2R7FjC8qGfhHm2F4gbW2iaey1jm9bTOoL2jSFbwqgNwUM33sYzJzARNMPlNAeFcx0Slq5irKcqSTVcv76jGoJPM7nNdPxbDJm9AZB+Gm4MwuLmy9MTDKLB1VrHZ/KMK6g4NQIGwn51rqmi0PtgnpRBIL9PKy0lpa6SCtq7zbp7CqPJ6CEmrcVW+Y5sb/HGQhth42tKFWumM3QbZfN5oKgS/q0zFUbTr7XmEq0UjKo9pEhklqKE0ZSn0xJcxexrBFON0fY+6Qz2ilMzaJRP9lF0CDfLvtB8QUit4aAuuiRaMfw4HZQS9cyqphTc2N1meUgZzguXynq57g6jej/7Ga3088C6wNIgRsLZk4BVUx+MjFlhGGTyuOyBIF0d0eajVu2cDAcRxJQog7HR7WWL9FAX/DWbpfUXEHgUptwONN6SQ3e5GvzxTLGqBL/TLeOeWZwz6giV3iX4xAd8crn927++PxDHPYZxYZBlCekVi6w0Lj6rFE6tdDYgnf1E0r+GpPNI5TmB9ELxGuydgbttw38fa0WGfVA9YT6ddjvUdQu4fCLBN8tJSciCBqyuKjBxnY8L7I2pcujdPXTSAZZrgs9i/k19qYdSplVJelpcwz3pHZQG/6IewN8kc8pNAnXmaj8k+zbVHA73BZOHAVmkkn8lS63krvUop2TNj9DmMcx3n/EQVeCWBT7td8h62g6oBBf7JWV0A9NkCpemEXaBvmVVEoMcXRNyAd9hWm6CmJDg+oSaQztmUp5ma9ItpDy3SEdQxmGmdqecb2Hkd5D5j7oHri5xC3oiI+UdzL0+BfWuU7Am4xA9pILIU0jK6Aqs74MegKFNKs5XeZfEd9J41tsBnUdhDEtwHUF4tTDnYJ/Qox5p7ajEZpG9lH2YqHPFaB/s3Ui6gpMjmGZZN/m03feKSqlTj/QX2Asw6WiV4wJjQraXBRnuVeC40EUtWIQUpnFe0xRWOGmhW0ZhczMbUYAxgZ4lKwcwZEPMBtcawzSki9Dzx7yL/uGZK/AxU8oVupNBcBfjyXM5jclCFAOSSI4V1URj/2D8+ApXnU9K0xGswPjOZb5GA0eU0hXcT6t+r/E6oAZcpfRtIyING5k9mIJHF7OYDLPD9NKoymE+4bNOaxij/Z0iR/tQZsbX8Y62VQFtLUbhrjfcSQoXHWZ7GHZwRqPq6YJ+NZQuPgUP9kfZsGty6lYUpj3yZVJXx1F/M/+Z2sH/gborOp11VktcmBSE5boHSVRWJvfgFLWvJl/DsL4rExw4MgumYdWmchdFyfggT+d5e7wexEm+O1LBD1EUR0Ve9O+KZJ0n67jX6VOzGPSqWCdFmS++bpKkPLS5UpN8kH/Zj9ed4nzbkOj4SkyOtavNmwjgYnQFXRtQ0U6VRsWoNST8VKXbO8g2KKgyxgKmT+02yFBfQ75cT+q2oBpEdZCeqlSLgLuimq+e6mp+1FeVzrzqIYCsytWniklI+AOd1sfJZFLXQt84twBfBgIRUhjUxrgTCjqUYRUKi4YolEGmXEaj/Zp0RtKIWLTbhyzEZO0e6lYf/KfnMJMa+j4WjJnGu8BvXtcYpC1CYPEGxaqHuo2x5pSbV3D+kbg14luYd0qcRi36rpw8F2ap9s4ywCaaKzyzA+w3xQ0f84VGwoOIaHa/fUwavt8eHKapc5lr0ccFTV8Ft433hqvad5qEwTNJku8FxtOCVr77PMynS/QOU2raJkxuILDFQWCyLWwq3kaYGiIM1DWdNye9PsbkE+acJlu+no9G3s62AHNR9iY4h2ACzWfd1iyQLxhR5vTtU/89tytv4MJj4DL+Cw/HcthaTCDcg4fvfE3/64n/kof0ZtECpxZNWm/S6UAc7MzmisqoWYVvn/cOQCS9mYVY8vt69wZf/ypa3eSOUxUcMHVKpm+d9V5MbjaGxqFp9wekfAEp9iIVpIgFapBIQyL/43nvgtbqdnUM7+06NmMZJD4VxD4a5KaklN5QOf7qWj+6cciJxxySfCb7mLOC5L6xbvyVQBQMICcuAub4/LQzivzux23F3xjwrro96FUuk3Rn0ovO3P3oRr0roGUgV+/U2+pgtp66OWQXH77z956AKQrmZpyvTf4XH0A6/0n2GVXKTsVrTepLxX1TwP3oDep/g6nU+7iNcD0gPManeRzHSV9TLLo3haLAnGd2+D2cy3im7zX7R7gH4Zl9JM9r3uX3TZrRbGZc1bcvvEaZXxMR8bqT4Isb1kuvz7gmMLgDZdrvQMJLKVfMaeJlYHZizB4Y7j1hwvP3ewei6RWTczUbWAEa4/uvWYRJR8zlJnV6XdQgNl7745Yv4mK3+lpT32SEAZZJzYaXaYx/7QNf4h4UpH0edSjzsMFmo9DsyDgeqh2TZbHm2xi++c4C1mY8FgQea7Zh8Aqzz4RJMA4Z8zTH0ITJ6A23nrBL06dVefLBTqGeL7gVFmjtMBdfVmA+7tjIrJpsGVNMDujz3AWJpbX2BTOvnvh8VYw2rn4aFJWCjB2u1dALcjGlMKaQgnna9UAYsmYDC7/JIJgHSb6r6p3UWByA+9zyJTlPH5P5+MTS0WhLX471tGb+JZSnsFKn6UROj8yhm8k4TOvphLfotKqmE7cOzy47vZygJ9h5k8/Pmo6ft+nLnJ1GczUfUUeWzyPqVbqd6nlIt+ewVtXLBCs5lzCodOXJ8FL1vUt4cicvFbtpSZhNIrBQfovG5XZ3/rbLq2VUbsvF/TYqXxZZMdf08+l+fJ7uorpDs6dLFleL+3xDP48H0pFfonz8+E3R+6J/+RLNs3zzkt+/KFpE0e5U8OzShw9PUTmuRlmcMrmLykvG76tNtAuzx3y82B6yhN7yJbJXC5dLXowWYf1tPB9IHiaP5bTDL0k/3yjeOy0qd/5YXjp6fJ7082n5dM6+7fjzjtIBfSqed5LmZ1o/3p8XI57sNgmVi9Gn5JLwcRg9fUo2CzAVLrxoCjd/GfPkHH+il+L5eZtNnh4HN1SF4FHQwjKVzzOejxaPyaU8DhQNk9ElRQvPo5rRzqmsTuNDdunI8Tz6Ng7L87ncZDx75jIGCzdLKfMLT8LxeRHyz8+XlQYLeTyPP5Wj/InHhwWa+m18celA8en4U/QUU34unpcedOg5lqfbZU/gBCdJFV/kbBDlafmS5OtVliTbIirTFvcWSTFhsPzGyWb8ORnd78ZPeTIIi/O5OEWfE5h12ToZ4xhGF5iYg0s5pY9J1IdZG8c7OY5a4Uuy3sGo5SFceNF4fpVEnXoXF5v8ebctnuL7YXX/dLPkBSIXo4xqultCuiQV5VxLKhmF/1GIE/DRd6iP3yGBv1RSjZvaVOFFW8gfPYq7FFJ40hUQQV34AbHUdTzJpXQonrtVuEMu8QYQjOAQaHq4msIRSQU8Go7f7o3j11AbuJeR9s07EcIIDnNcNHVNU/P0rqVCI0YC/1ryxG3/65s2oHJAFjXvkDRV0qZc7Hx/06upMZqCK6x/lDzNyzTf3+y4Af7rmxIQpoLXb9sZOeKZQHyVH/gWDBoCNvimQc07mlgRxwaLpvp5VTBGznmieQGnMc+7viWPX+5rnuebd1bEq6qwWCwWi8VisVgsFovFYrFYLBaLxWKxWCwWi8VisVgsFovFYrFYLBaLxWKxWCwWi8VisVgsFovFYrFYLBaLxWKxWCyWX8F/AHz/LnLgMLjTAAAAAElFTkSuQmCC'),(6,'Provaa',0,'https://www.taxiprivato.milano.it/image.ashx?s=9626&sl=it&im=46408&st=p');
/*!40000 ALTER TABLE `marche` ENABLE KEYS */;
UNLOCK TABLES;

--
-- Table structure for table `metodi_pagamenti`
--

DROP TABLE IF EXISTS `metodi_pagamenti`;
/*!40101 SET @saved_cs_client     = @@character_set_client */;
/*!50503 SET character_set_client = utf8mb4 */;
CREATE TABLE `metodi_pagamenti` (
  `id_metodo_pagamento` int NOT NULL,
  `nome` varchar(255) DEFAULT NULL,
  PRIMARY KEY (`id_metodo_pagamento`)
) ENGINE=InnoDB DEFAULT CHARSET=utf8mb4 COLLATE=utf8mb4_0900_ai_ci;
/*!40101 SET character_set_client = @saved_cs_client */;

--
-- Dumping data for table `metodi_pagamenti`
--

LOCK TABLES `metodi_pagamenti` WRITE;
/*!40000 ALTER TABLE `metodi_pagamenti` DISABLE KEYS */;
INSERT INTO `metodi_pagamenti` VALUES (1,'Visa'),(2,'Mastercard'),(3,'Paypal');
/*!40000 ALTER TABLE `metodi_pagamenti` ENABLE KEYS */;
UNLOCK TABLES;

--
-- Table structure for table `ordini`
--

DROP TABLE IF EXISTS `ordini`;
/*!40101 SET @saved_cs_client     = @@character_set_client */;
/*!50503 SET character_set_client = utf8mb4 */;
CREATE TABLE `ordini` (
  `id_Ordine` int NOT NULL,
  `data_Creazione` date DEFAULT NULL,
  `data_Invio` date DEFAULT NULL,
  `data_Consegna` date DEFAULT NULL,
  `stato_ordine_id_stato_ordine` int DEFAULT NULL,
  PRIMARY KEY (`id_Ordine`),
  KEY `ccccc_idx` (`stato_ordine_id_stato_ordine`),
  CONSTRAINT `ccccc` FOREIGN KEY (`stato_ordine_id_stato_ordine`) REFERENCES `stato_ordini` (`id_stato_ordine`)
) ENGINE=InnoDB DEFAULT CHARSET=utf8mb4 COLLATE=utf8mb4_0900_ai_ci;
/*!40101 SET character_set_client = @saved_cs_client */;

--
-- Dumping data for table `ordini`
--

LOCK TABLES `ordini` WRITE;
/*!40000 ALTER TABLE `ordini` DISABLE KEYS */;
INSERT INTO `ordini` VALUES (1,'2021-01-14','2021-01-15',NULL,2),(15,'2021-02-15',NULL,NULL,3),(16,'2021-03-16',NULL,NULL,5),(17,'2021-03-16',NULL,NULL,3),(18,'2021-03-16',NULL,NULL,5),(19,'2021-03-18',NULL,NULL,3),(20,'2021-03-18',NULL,NULL,5),(28,'2021-03-19',NULL,NULL,5),(29,'2021-03-19',NULL,NULL,3),(30,'2021-03-19',NULL,NULL,3),(31,'2021-03-19',NULL,NULL,5);
/*!40000 ALTER TABLE `ordini` ENABLE KEYS */;
UNLOCK TABLES;

--
-- Table structure for table `pagamenti`
--

DROP TABLE IF EXISTS `pagamenti`;
/*!40101 SET @saved_cs_client     = @@character_set_client */;
/*!50503 SET character_set_client = utf8mb4 */;
CREATE TABLE `pagamenti` (
  `id_Pagamento` int NOT NULL AUTO_INCREMENT,
  `data_Pagamento` date DEFAULT NULL,
  `importo` double DEFAULT NULL,
  `tipo_pagamento_id_tipo_pagamento` int DEFAULT NULL,
  PRIMARY KEY (`id_Pagamento`),
  KEY `FKhj8pivuwhbvmqbvrvvt9fuu1m` (`tipo_pagamento_id_tipo_pagamento`),
  CONSTRAINT `FKhj8pivuwhbvmqbvrvvt9fuu1m` FOREIGN KEY (`tipo_pagamento_id_tipo_pagamento`) REFERENCES `tipi_pagamenti` (`id_tipo_pagamento`)
) ENGINE=InnoDB AUTO_INCREMENT=22 DEFAULT CHARSET=utf8mb4 COLLATE=utf8mb4_0900_ai_ci;
/*!40101 SET character_set_client = @saved_cs_client */;

--
-- Dumping data for table `pagamenti`
--

LOCK TABLES `pagamenti` WRITE;
/*!40000 ALTER TABLE `pagamenti` DISABLE KEYS */;
INSERT INTO `pagamenti` VALUES (1,'2021-01-14',83.18,1),(5,'2021-02-15',102.6,1),(6,'2021-03-16',240.3,NULL),(7,'2021-03-16',17.9775,NULL),(8,'2021-03-16',65.91749999999999,NULL),(9,'2021-03-18',90,NULL),(10,'2021-03-18',90,NULL),(11,'2021-03-18',67.5,NULL),(12,'2021-03-18',90,NULL),(13,'2021-03-18',90,NULL),(14,'2021-03-18',90,NULL),(15,'2021-03-18',90,NULL),(16,'2021-03-19',90,NULL),(17,'2021-03-19',90,NULL),(18,'2021-03-19',67.5,NULL),(19,'2021-03-19',22.5,NULL),(20,'2021-03-19',45,NULL),(21,'2021-03-19',22.5,NULL);
/*!40000 ALTER TABLE `pagamenti` ENABLE KEYS */;
UNLOCK TABLES;

--
-- Table structure for table `prodotti`
--

DROP TABLE IF EXISTS `prodotti`;
/*!40101 SET @saved_cs_client     = @@character_set_client */;
/*!50503 SET character_set_client = utf8mb4 */;
CREATE TABLE `prodotti` (
  `id_Prodotto` int NOT NULL AUTO_INCREMENT,
  `nome` varchar(45) DEFAULT NULL,
  `breve_Descrizione` varchar(100) DEFAULT NULL,
  `descrizione_Completa` varchar(600) DEFAULT NULL,
  `prezzo` double DEFAULT NULL,
  `dimensione` varchar(45) DEFAULT NULL,
  `peso` double DEFAULT NULL,
  `rumorosità` int DEFAULT NULL,
  `materiale` varchar(45) DEFAULT NULL,
  `capacità` int DEFAULT NULL,
  `wattaggio` int DEFAULT NULL,
  `categoria_id_categoria` int DEFAULT NULL,
  `marca_id_marca` int DEFAULT NULL,
  PRIMARY KEY (`id_Prodotto`),
  KEY `FKfh81bhqvmxa26adfsfbru6qny` (`categoria_id_categoria`),
  KEY `FKrwv8x1d0lqjxua06slbdfbqe2` (`marca_id_marca`),
  CONSTRAINT `FKfh81bhqvmxa26adfsfbru6qny` FOREIGN KEY (`categoria_id_categoria`) REFERENCES `categorie` (`id_Categoria`),
  CONSTRAINT `FKrwv8x1d0lqjxua06slbdfbqe2` FOREIGN KEY (`marca_id_marca`) REFERENCES `marche` (`id_Marca`)
) ENGINE=InnoDB AUTO_INCREMENT=12 DEFAULT CHARSET=utf8mb4 COLLATE=utf8mb4_0900_ai_ci;
/*!40101 SET character_set_client = @saved_cs_client */;

--
-- Dumping data for table `prodotti`
--

LOCK TABLES `prodotti` WRITE;
/*!40000 ALTER TABLE `prodotti` DISABLE KEYS */;
INSERT INTO `prodotti` VALUES (1,'Mestolo','Mestolo Unipezzo, in Acciaio Inox, 6.5 cm, Inossidabile','Mestolo Unipezzo, in Acciaio Inox, 6.5 cm, Inossidabile bla bla bla',7.99,'6.5',2,0,'acciaio',0,0,1,4),(2,'Set cucchiaini','Set composto da 6 cucchiaini in acciaio inox con manico colorato','Set composto da 6 cucchiaini in acciaio inox con manico colorato bla bla bla',16.8,'4',2,0,'acciaio',0,0,1,5),(3,'Contenitore Vetro','Contenitore di vetro per conserve con Coperchio a Vite','Contenitore di vetro per conserve bla bla bla',5,'12',31,5,'vetro',12,12,1,2),(4,'Caffettiera','Bialetti Moka Express Caffettiera in Alluminio, Argento, 4 Tazze','Bialetti Moka Express Caffettiera in Alluminio, Argento, 4 Tazze bla bla bla',22.5,'11',25,4,'alluminio',12,12,2,1),(5,'Bollitore','Bollitore elettrico con funzione di spegnimento automatico','Bollitore elettrico da 1,7 litri con funzione di spegnimento automatico bla bla bla',35,'5',5,0,'acciaio',2,0,3,3),(6,'Prova1','Prova1Prova1 Prova1 Prova1 Prova1 Prova1 Prova1 Prova1','Prova1Prova1Prova1Prova1Prova1Prova1Prova1Prova1 bla bla bla',11,'11',11,0,'Prova1',0,0,3,2),(7,'Prova2','Prova2Prova2 Prova2Prova2 Prova2Prova2 Prova2 Prova2','Prova2Prova2Prova2Prova2Prova2Prova2Prova2Prova2 bla bla bla',22,'22',22,0,'Prova2',0,0,3,2),(8,'Prova3','Prova3Prova3 Prova3Prova3 Prova3Prova3 Prova3Prova3','Prova3Prova3Prova3Prova3Prova3Prova3Prova3Prova3 bla bla bla',33,'33',33,0,'Prova3',0,0,3,2),(10,'Prova 4','Prova 4 Prova 4','Prova 4 Prova 4 Prova 4 Prova 4 Prova 4 Prova 4',10,'1',0,0,'acciaio',0,0,5,4);
/*!40000 ALTER TABLE `prodotti` ENABLE KEYS */;
UNLOCK TABLES;

--
-- Table structure for table `promozioni`
--

DROP TABLE IF EXISTS `promozioni`;
/*!40101 SET @saved_cs_client     = @@character_set_client */;
/*!50503 SET character_set_client = utf8mb4 */;
CREATE TABLE `promozioni` (
  `id_Promozione` int NOT NULL,
  `nome` varchar(255) DEFAULT NULL,
  `descrizione` varchar(255) DEFAULT NULL,
  `immagine` varchar(255) DEFAULT NULL,
  `data_Inizio` date DEFAULT NULL,
  `data_Fine` date DEFAULT NULL,
  `percentuale_Sconto` int DEFAULT NULL,
  PRIMARY KEY (`id_Promozione`)
) ENGINE=InnoDB DEFAULT CHARSET=utf8mb4 COLLATE=utf8mb4_0900_ai_ci;
/*!40101 SET character_set_client = @saved_cs_client */;

--
-- Dumping data for table `promozioni`
--

LOCK TABLES `promozioni` WRITE;
/*!40000 ALTER TABLE `promozioni` DISABLE KEYS */;
INSERT INTO `promozioni` VALUES (3,'Natale','Super Natale con tantissimi prodotti in offerta!','https://www.sostariffe.it/news/wp-content/uploads/2016/12/Choose-One-FOr-Celebration-e1480928519589.jpg','2020-12-10','2020-12-25',25),(4,'Natale Coi Fiocchi','Promozione Natale 2','https://www.essenzadichiara.it/wp-content/uploads/2017/12/promo-natale-870x503.jpg','2021-12-12','2021-12-25',25),(5,'Speciale rinnovo','Tantissimi prodotti al 25%','https://www.pmicloud.it/images/esempi-di-promozioni.png','2021-01-22','2021-06-21',25),(6,'Fuori tutto!','Super promo di Gennaio','https://marketingtorino.it/wp-content/uploads/2016/06/promozioni_percentuale_sconto-300x150.jpg','2021-01-10','2021-01-31',50),(7,'Futura','aaaaaa','aaaa','2021-06-23','2021-06-28',12),(8,'Singola','singola','singola','2021-06-22','2021-06-24',90);
/*!40000 ALTER TABLE `promozioni` ENABLE KEYS */;
UNLOCK TABLES;

--
-- Table structure for table `ruoli`
--

DROP TABLE IF EXISTS `ruoli`;
/*!40101 SET @saved_cs_client     = @@character_set_client */;
/*!50503 SET character_set_client = utf8mb4 */;
CREATE TABLE `ruoli` (
  `id_Ruolo` int NOT NULL,
  `nome_Ruolo` varchar(45) DEFAULT NULL,
  `descrizione` varchar(45) DEFAULT NULL,
  PRIMARY KEY (`id_Ruolo`)
) ENGINE=InnoDB DEFAULT CHARSET=utf8mb4 COLLATE=utf8mb4_0900_ai_ci;
/*!40101 SET character_set_client = @saved_cs_client */;

--
-- Dumping data for table `ruoli`
--

LOCK TABLES `ruoli` WRITE;
/*!40000 ALTER TABLE `ruoli` DISABLE KEYS */;
INSERT INTO `ruoli` VALUES (1,'Utente','Utente base'),(2,'Amministratore','Accesso al lato back-end'),(3,'Magazziniere','Addetto Magazzino');
/*!40000 ALTER TABLE `ruoli` ENABLE KEYS */;
UNLOCK TABLES;

--
-- Table structure for table `sedi`
--

DROP TABLE IF EXISTS `sedi`;
/*!40101 SET @saved_cs_client     = @@character_set_client */;
/*!50503 SET character_set_client = utf8mb4 */;
CREATE TABLE `sedi` (
  `id_Sede` int NOT NULL AUTO_INCREMENT,
  `nome` varchar(45) DEFAULT NULL,
  `via` varchar(45) DEFAULT NULL,
  `città` varchar(45) DEFAULT NULL,
  `provincia` varchar(45) DEFAULT NULL,
  `cap` varchar(45) DEFAULT NULL,
  `telefono` varchar(45) DEFAULT NULL,
  `email` varchar(45) DEFAULT NULL,
  PRIMARY KEY (`id_Sede`)
) ENGINE=InnoDB AUTO_INCREMENT=14 DEFAULT CHARSET=utf8mb4 COLLATE=utf8mb4_0900_ai_ci;
/*!40101 SET character_set_client = @saved_cs_client */;

--
-- Dumping data for table `sedi`
--

LOCK TABLES `sedi` WRITE;
/*!40000 ALTER TABLE `sedi` DISABLE KEYS */;
INSERT INTO `sedi` VALUES (1,'Sede Centrale','Via Amerigo Vespucci, 1','Gallarate','va','21013','0331706011','kitcheninlove@kitcheninlove.it'),(2,'Milano','Viale Coni Zugna, 23','Milano','mi','20100','0231706011','milano@kitcheninlove.it'),(3,'Roma','Via Roma, 1','Roma','roma','100','04123567','roma@kitcheninlove.it'),(4,'Firenze','Via Firenze, 1','Firenze','fi','50100','05527571','firenze@kitcheninlove.it'),(5,'Venezia','Via Lorem Ipsum, 1','Venezia','ve','30100','01234567','venezia@kitcheninlove.it'),(6,'Bologna','Via Lorem Ipsum, 1','Bologna','bo','40121','01234567','bologna@kitcheninlove.it'),(7,'Bari','Via Lorem Ipsum, 1','Bari','ba','70121','01234567','bari@kitcheninlove.it'),(8,'Napoli','Via Lorem Ipsum, 1','Napoli','na','80100','01234567','napoli@kitcheninlove.it'),(9,'Catania','Via Lorem Ipsum, 1','Catania','ct','95100','01234567','catania@kitcheninlove.it'),(10,'Cagliari','Via Lorem Ipsum, 1','Cagliari','ca','09121','01234567','cagliari@kitcheninlove.it'),(11,'Catanzaro','Via Lorem Ipsum, 1','Catanzaro','cz','88100','01234567','catanzaro@kitcheninlove.it'),(12,'Torino','Via Lorem Ipsum, 1','Torino','to','10100','01234567','torino@kitcheninlove.it'),(13,'Pescara','Via Lorem Ipsum, 1','Pescara','PE','65121','01234567','pescara@kitcheninlove.it');
/*!40000 ALTER TABLE `sedi` ENABLE KEYS */;
UNLOCK TABLES;

--
-- Table structure for table `seq_categoria`
--

DROP TABLE IF EXISTS `seq_categoria`;
/*!40101 SET @saved_cs_client     = @@character_set_client */;
/*!50503 SET character_set_client = utf8mb4 */;
CREATE TABLE `seq_categoria` (
  `next_val` bigint DEFAULT NULL
) ENGINE=InnoDB DEFAULT CHARSET=utf8mb4 COLLATE=utf8mb4_0900_ai_ci;
/*!40101 SET character_set_client = @saved_cs_client */;

--
-- Dumping data for table `seq_categoria`
--

LOCK TABLES `seq_categoria` WRITE;
/*!40000 ALTER TABLE `seq_categoria` DISABLE KEYS */;
INSERT INTO `seq_categoria` VALUES (7);
/*!40000 ALTER TABLE `seq_categoria` ENABLE KEYS */;
UNLOCK TABLES;

--
-- Table structure for table `seq_coupon`
--

DROP TABLE IF EXISTS `seq_coupon`;
/*!40101 SET @saved_cs_client     = @@character_set_client */;
/*!50503 SET character_set_client = utf8mb4 */;
CREATE TABLE `seq_coupon` (
  `next_val` bigint DEFAULT NULL
) ENGINE=InnoDB DEFAULT CHARSET=utf8mb4 COLLATE=utf8mb4_0900_ai_ci;
/*!40101 SET character_set_client = @saved_cs_client */;

--
-- Dumping data for table `seq_coupon`
--

LOCK TABLES `seq_coupon` WRITE;
/*!40000 ALTER TABLE `seq_coupon` DISABLE KEYS */;
INSERT INTO `seq_coupon` VALUES (2);
/*!40000 ALTER TABLE `seq_coupon` ENABLE KEYS */;
UNLOCK TABLES;

--
-- Table structure for table `seq_giacenza`
--

DROP TABLE IF EXISTS `seq_giacenza`;
/*!40101 SET @saved_cs_client     = @@character_set_client */;
/*!50503 SET character_set_client = utf8mb4 */;
CREATE TABLE `seq_giacenza` (
  `next_val` bigint DEFAULT NULL
) ENGINE=InnoDB DEFAULT CHARSET=utf8mb4 COLLATE=utf8mb4_0900_ai_ci;
/*!40101 SET character_set_client = @saved_cs_client */;

--
-- Dumping data for table `seq_giacenza`
--

LOCK TABLES `seq_giacenza` WRITE;
/*!40000 ALTER TABLE `seq_giacenza` DISABLE KEYS */;
INSERT INTO `seq_giacenza` VALUES (14);
/*!40000 ALTER TABLE `seq_giacenza` ENABLE KEYS */;
UNLOCK TABLES;

--
-- Table structure for table `seq_immagine`
--

DROP TABLE IF EXISTS `seq_immagine`;
/*!40101 SET @saved_cs_client     = @@character_set_client */;
/*!50503 SET character_set_client = utf8mb4 */;
CREATE TABLE `seq_immagine` (
  `next_val` bigint DEFAULT NULL
) ENGINE=InnoDB DEFAULT CHARSET=utf8mb4 COLLATE=utf8mb4_0900_ai_ci;
/*!40101 SET character_set_client = @saved_cs_client */;

--
-- Dumping data for table `seq_immagine`
--

LOCK TABLES `seq_immagine` WRITE;
/*!40000 ALTER TABLE `seq_immagine` DISABLE KEYS */;
INSERT INTO `seq_immagine` VALUES (18);
/*!40000 ALTER TABLE `seq_immagine` ENABLE KEYS */;
UNLOCK TABLES;

--
-- Table structure for table `seq_indirizzo`
--

DROP TABLE IF EXISTS `seq_indirizzo`;
/*!40101 SET @saved_cs_client     = @@character_set_client */;
/*!50503 SET character_set_client = utf8mb4 */;
CREATE TABLE `seq_indirizzo` (
  `next_val` bigint DEFAULT NULL
) ENGINE=InnoDB DEFAULT CHARSET=utf8mb4 COLLATE=utf8mb4_0900_ai_ci;
/*!40101 SET character_set_client = @saved_cs_client */;

--
-- Dumping data for table `seq_indirizzo`
--

LOCK TABLES `seq_indirizzo` WRITE;
/*!40000 ALTER TABLE `seq_indirizzo` DISABLE KEYS */;
INSERT INTO `seq_indirizzo` VALUES (8);
/*!40000 ALTER TABLE `seq_indirizzo` ENABLE KEYS */;
UNLOCK TABLES;

--
-- Table structure for table `seq_lista_promo`
--

DROP TABLE IF EXISTS `seq_lista_promo`;
/*!40101 SET @saved_cs_client     = @@character_set_client */;
/*!50503 SET character_set_client = utf8mb4 */;
CREATE TABLE `seq_lista_promo` (
  `next_val` bigint DEFAULT NULL
) ENGINE=InnoDB DEFAULT CHARSET=utf8mb4 COLLATE=utf8mb4_0900_ai_ci;
/*!40101 SET character_set_client = @saved_cs_client */;

--
-- Dumping data for table `seq_lista_promo`
--

LOCK TABLES `seq_lista_promo` WRITE;
/*!40000 ALTER TABLE `seq_lista_promo` DISABLE KEYS */;
INSERT INTO `seq_lista_promo` VALUES (36);
/*!40000 ALTER TABLE `seq_lista_promo` ENABLE KEYS */;
UNLOCK TABLES;

--
-- Table structure for table `seq_marca`
--

DROP TABLE IF EXISTS `seq_marca`;
/*!40101 SET @saved_cs_client     = @@character_set_client */;
/*!50503 SET character_set_client = utf8mb4 */;
CREATE TABLE `seq_marca` (
  `next_val` bigint DEFAULT NULL
) ENGINE=InnoDB DEFAULT CHARSET=utf8mb4 COLLATE=utf8mb4_0900_ai_ci;
/*!40101 SET character_set_client = @saved_cs_client */;

--
-- Dumping data for table `seq_marca`
--

LOCK TABLES `seq_marca` WRITE;
/*!40000 ALTER TABLE `seq_marca` DISABLE KEYS */;
INSERT INTO `seq_marca` VALUES (10);
/*!40000 ALTER TABLE `seq_marca` ENABLE KEYS */;
UNLOCK TABLES;

--
-- Table structure for table `seq_metodo_pagamento`
--

DROP TABLE IF EXISTS `seq_metodo_pagamento`;
/*!40101 SET @saved_cs_client     = @@character_set_client */;
/*!50503 SET character_set_client = utf8mb4 */;
CREATE TABLE `seq_metodo_pagamento` (
  `next_val` bigint DEFAULT NULL
) ENGINE=InnoDB DEFAULT CHARSET=utf8mb4 COLLATE=utf8mb4_0900_ai_ci;
/*!40101 SET character_set_client = @saved_cs_client */;

--
-- Dumping data for table `seq_metodo_pagamento`
--

LOCK TABLES `seq_metodo_pagamento` WRITE;
/*!40000 ALTER TABLE `seq_metodo_pagamento` DISABLE KEYS */;
INSERT INTO `seq_metodo_pagamento` VALUES (4);
/*!40000 ALTER TABLE `seq_metodo_pagamento` ENABLE KEYS */;
UNLOCK TABLES;

--
-- Table structure for table `seq_ordine`
--

DROP TABLE IF EXISTS `seq_ordine`;
/*!40101 SET @saved_cs_client     = @@character_set_client */;
/*!50503 SET character_set_client = utf8mb4 */;
CREATE TABLE `seq_ordine` (
  `next_val` bigint DEFAULT NULL
) ENGINE=InnoDB DEFAULT CHARSET=utf8mb4 COLLATE=utf8mb4_0900_ai_ci;
/*!40101 SET character_set_client = @saved_cs_client */;

--
-- Dumping data for table `seq_ordine`
--

LOCK TABLES `seq_ordine` WRITE;
/*!40000 ALTER TABLE `seq_ordine` DISABLE KEYS */;
INSERT INTO `seq_ordine` VALUES (32);
/*!40000 ALTER TABLE `seq_ordine` ENABLE KEYS */;
UNLOCK TABLES;

--
-- Table structure for table `seq_pagamento`
--

DROP TABLE IF EXISTS `seq_pagamento`;
/*!40101 SET @saved_cs_client     = @@character_set_client */;
/*!50503 SET character_set_client = utf8mb4 */;
CREATE TABLE `seq_pagamento` (
  `next_val` bigint DEFAULT NULL
) ENGINE=InnoDB DEFAULT CHARSET=utf8mb4 COLLATE=utf8mb4_0900_ai_ci;
/*!40101 SET character_set_client = @saved_cs_client */;

--
-- Dumping data for table `seq_pagamento`
--

LOCK TABLES `seq_pagamento` WRITE;
/*!40000 ALTER TABLE `seq_pagamento` DISABLE KEYS */;
INSERT INTO `seq_pagamento` VALUES (22);
/*!40000 ALTER TABLE `seq_pagamento` ENABLE KEYS */;
UNLOCK TABLES;

--
-- Table structure for table `seq_prodotto`
--

DROP TABLE IF EXISTS `seq_prodotto`;
/*!40101 SET @saved_cs_client     = @@character_set_client */;
/*!50503 SET character_set_client = utf8mb4 */;
CREATE TABLE `seq_prodotto` (
  `next_val` bigint DEFAULT NULL
) ENGINE=InnoDB DEFAULT CHARSET=utf8mb4 COLLATE=utf8mb4_0900_ai_ci;
/*!40101 SET character_set_client = @saved_cs_client */;

--
-- Dumping data for table `seq_prodotto`
--

LOCK TABLES `seq_prodotto` WRITE;
/*!40000 ALTER TABLE `seq_prodotto` DISABLE KEYS */;
INSERT INTO `seq_prodotto` VALUES (11);
/*!40000 ALTER TABLE `seq_prodotto` ENABLE KEYS */;
UNLOCK TABLES;

--
-- Table structure for table `seq_promozione`
--

DROP TABLE IF EXISTS `seq_promozione`;
/*!40101 SET @saved_cs_client     = @@character_set_client */;
/*!50503 SET character_set_client = utf8mb4 */;
CREATE TABLE `seq_promozione` (
  `next_val` bigint DEFAULT NULL
) ENGINE=InnoDB DEFAULT CHARSET=utf8mb4 COLLATE=utf8mb4_0900_ai_ci;
/*!40101 SET character_set_client = @saved_cs_client */;

--
-- Dumping data for table `seq_promozione`
--

LOCK TABLES `seq_promozione` WRITE;
/*!40000 ALTER TABLE `seq_promozione` DISABLE KEYS */;
INSERT INTO `seq_promozione` VALUES (12);
/*!40000 ALTER TABLE `seq_promozione` ENABLE KEYS */;
UNLOCK TABLES;

--
-- Table structure for table `seq_ruolo`
--

DROP TABLE IF EXISTS `seq_ruolo`;
/*!40101 SET @saved_cs_client     = @@character_set_client */;
/*!50503 SET character_set_client = utf8mb4 */;
CREATE TABLE `seq_ruolo` (
  `next_val` bigint DEFAULT NULL
) ENGINE=InnoDB DEFAULT CHARSET=utf8mb4 COLLATE=utf8mb4_0900_ai_ci;
/*!40101 SET character_set_client = @saved_cs_client */;

--
-- Dumping data for table `seq_ruolo`
--

LOCK TABLES `seq_ruolo` WRITE;
/*!40000 ALTER TABLE `seq_ruolo` DISABLE KEYS */;
INSERT INTO `seq_ruolo` VALUES (4);
/*!40000 ALTER TABLE `seq_ruolo` ENABLE KEYS */;
UNLOCK TABLES;

--
-- Table structure for table `seq_sede`
--

DROP TABLE IF EXISTS `seq_sede`;
/*!40101 SET @saved_cs_client     = @@character_set_client */;
/*!50503 SET character_set_client = utf8mb4 */;
CREATE TABLE `seq_sede` (
  `next_val` bigint DEFAULT NULL
) ENGINE=InnoDB DEFAULT CHARSET=utf8mb4 COLLATE=utf8mb4_0900_ai_ci;
/*!40101 SET character_set_client = @saved_cs_client */;

--
-- Dumping data for table `seq_sede`
--

LOCK TABLES `seq_sede` WRITE;
/*!40000 ALTER TABLE `seq_sede` DISABLE KEYS */;
INSERT INTO `seq_sede` VALUES (14);
/*!40000 ALTER TABLE `seq_sede` ENABLE KEYS */;
UNLOCK TABLES;

--
-- Table structure for table `seq_shopping_list`
--

DROP TABLE IF EXISTS `seq_shopping_list`;
/*!40101 SET @saved_cs_client     = @@character_set_client */;
/*!50503 SET character_set_client = utf8mb4 */;
CREATE TABLE `seq_shopping_list` (
  `next_val` bigint DEFAULT NULL
) ENGINE=InnoDB DEFAULT CHARSET=utf8mb4 COLLATE=utf8mb4_0900_ai_ci;
/*!40101 SET character_set_client = @saved_cs_client */;

--
-- Dumping data for table `seq_shopping_list`
--

LOCK TABLES `seq_shopping_list` WRITE;
/*!40000 ALTER TABLE `seq_shopping_list` DISABLE KEYS */;
INSERT INTO `seq_shopping_list` VALUES (58);
/*!40000 ALTER TABLE `seq_shopping_list` ENABLE KEYS */;
UNLOCK TABLES;

--
-- Table structure for table `seq_spedizione`
--

DROP TABLE IF EXISTS `seq_spedizione`;
/*!40101 SET @saved_cs_client     = @@character_set_client */;
/*!50503 SET character_set_client = utf8mb4 */;
CREATE TABLE `seq_spedizione` (
  `next_val` bigint DEFAULT NULL
) ENGINE=InnoDB DEFAULT CHARSET=utf8mb4 COLLATE=utf8mb4_0900_ai_ci;
/*!40101 SET character_set_client = @saved_cs_client */;

--
-- Dumping data for table `seq_spedizione`
--

LOCK TABLES `seq_spedizione` WRITE;
/*!40000 ALTER TABLE `seq_spedizione` DISABLE KEYS */;
INSERT INTO `seq_spedizione` VALUES (2);
/*!40000 ALTER TABLE `seq_spedizione` ENABLE KEYS */;
UNLOCK TABLES;

--
-- Table structure for table `seq_stato_ordine`
--

DROP TABLE IF EXISTS `seq_stato_ordine`;
/*!40101 SET @saved_cs_client     = @@character_set_client */;
/*!50503 SET character_set_client = utf8mb4 */;
CREATE TABLE `seq_stato_ordine` (
  `next_val` bigint DEFAULT NULL
) ENGINE=InnoDB DEFAULT CHARSET=utf8mb4 COLLATE=utf8mb4_0900_ai_ci;
/*!40101 SET character_set_client = @saved_cs_client */;

--
-- Dumping data for table `seq_stato_ordine`
--

LOCK TABLES `seq_stato_ordine` WRITE;
/*!40000 ALTER TABLE `seq_stato_ordine` DISABLE KEYS */;
INSERT INTO `seq_stato_ordine` VALUES (4);
/*!40000 ALTER TABLE `seq_stato_ordine` ENABLE KEYS */;
UNLOCK TABLES;

--
-- Table structure for table `seq_tipi_pagamento`
--

DROP TABLE IF EXISTS `seq_tipi_pagamento`;
/*!40101 SET @saved_cs_client     = @@character_set_client */;
/*!50503 SET character_set_client = utf8mb4 */;
CREATE TABLE `seq_tipi_pagamento` (
  `next_val` bigint DEFAULT NULL
) ENGINE=InnoDB DEFAULT CHARSET=utf8mb4 COLLATE=utf8mb4_0900_ai_ci;
/*!40101 SET character_set_client = @saved_cs_client */;

--
-- Dumping data for table `seq_tipi_pagamento`
--

LOCK TABLES `seq_tipi_pagamento` WRITE;
/*!40000 ALTER TABLE `seq_tipi_pagamento` DISABLE KEYS */;
INSERT INTO `seq_tipi_pagamento` VALUES (2);
/*!40000 ALTER TABLE `seq_tipi_pagamento` ENABLE KEYS */;
UNLOCK TABLES;

--
-- Table structure for table `seq_utente`
--

DROP TABLE IF EXISTS `seq_utente`;
/*!40101 SET @saved_cs_client     = @@character_set_client */;
/*!50503 SET character_set_client = utf8mb4 */;
CREATE TABLE `seq_utente` (
  `next_val` bigint DEFAULT NULL
) ENGINE=InnoDB DEFAULT CHARSET=utf8mb4 COLLATE=utf8mb4_0900_ai_ci;
/*!40101 SET character_set_client = @saved_cs_client */;

--
-- Dumping data for table `seq_utente`
--

LOCK TABLES `seq_utente` WRITE;
/*!40000 ALTER TABLE `seq_utente` DISABLE KEYS */;
INSERT INTO `seq_utente` VALUES (11);
/*!40000 ALTER TABLE `seq_utente` ENABLE KEYS */;
UNLOCK TABLES;

--
-- Table structure for table `shopping_list`
--

DROP TABLE IF EXISTS `shopping_list`;
/*!40101 SET @saved_cs_client     = @@character_set_client */;
/*!50503 SET character_set_client = utf8mb4 */;
CREATE TABLE `shopping_list` (
  `id_shopping_list` int NOT NULL,
  `quantità` int NOT NULL,
  `prodotto_id_prodotto` int DEFAULT NULL,
  `utente_id_utente` int DEFAULT NULL,
  `ordine_id_ordine` int DEFAULT NULL,
  PRIMARY KEY (`id_shopping_list`),
  KEY `FK6c8lqihyunsbq50qtwivj7i3p` (`prodotto_id_prodotto`),
  KEY `aaaa_idx` (`utente_id_utente`),
  KEY `FKhhyy9vup313xuani6sc7gaoid` (`ordine_id_ordine`),
  CONSTRAINT `aaaa` FOREIGN KEY (`utente_id_utente`) REFERENCES `utenti` (`id_Utente`),
  CONSTRAINT `FK6c8lqihyunsbq50qtwivj7i3p` FOREIGN KEY (`prodotto_id_prodotto`) REFERENCES `prodotti` (`id_Prodotto`),
  CONSTRAINT `FKhhyy9vup313xuani6sc7gaoid` FOREIGN KEY (`ordine_id_ordine`) REFERENCES `ordini` (`id_Ordine`)
) ENGINE=InnoDB DEFAULT CHARSET=utf8mb4 COLLATE=utf8mb4_0900_ai_ci;
/*!40101 SET character_set_client = @saved_cs_client */;

--
-- Dumping data for table `shopping_list`
--

LOCK TABLES `shopping_list` WRITE;
/*!40000 ALTER TABLE `shopping_list` DISABLE KEYS */;
INSERT INTO `shopping_list` VALUES (1,2,1,1,1),(2,4,2,1,1),(36,9,3,3,15),(37,2,4,3,15),(38,1,2,3,15),(39,3,2,1,16),(40,9,4,1,16),(41,3,1,1,17),(42,11,1,1,18),(43,4,4,1,19),(44,4,4,1,20),(52,3,4,1,28),(53,1,4,1,29),(54,2,4,1,30),(55,1,4,1,31),(56,2,2,1,NULL),(57,1,1,1,NULL);
/*!40000 ALTER TABLE `shopping_list` ENABLE KEYS */;
UNLOCK TABLES;

--
-- Table structure for table `stato_ordini`
--

DROP TABLE IF EXISTS `stato_ordini`;
/*!40101 SET @saved_cs_client     = @@character_set_client */;
/*!50503 SET character_set_client = utf8mb4 */;
CREATE TABLE `stato_ordini` (
  `id_stato_ordine` int NOT NULL,
  `descrizione` varchar(255) DEFAULT NULL,
  PRIMARY KEY (`id_stato_ordine`)
) ENGINE=InnoDB DEFAULT CHARSET=utf8mb4 COLLATE=utf8mb4_0900_ai_ci;
/*!40101 SET character_set_client = @saved_cs_client */;

--
-- Dumping data for table `stato_ordini`
--

LOCK TABLES `stato_ordini` WRITE;
/*!40000 ALTER TABLE `stato_ordini` DISABLE KEYS */;
INSERT INTO `stato_ordini` VALUES (1,'consegnato'),(2,'spedito'),(3,'pagato'),(4,'confermato'),(5,'annullato');
/*!40000 ALTER TABLE `stato_ordini` ENABLE KEYS */;
UNLOCK TABLES;

--
-- Table structure for table `tipi_pagamenti`
--

DROP TABLE IF EXISTS `tipi_pagamenti`;
/*!40101 SET @saved_cs_client     = @@character_set_client */;
/*!50503 SET character_set_client = utf8mb4 */;
CREATE TABLE `tipi_pagamenti` (
  `id_tipo_pagamento` int NOT NULL,
  `cvv` int NOT NULL,
  `nome_titolare` varchar(255) DEFAULT NULL,
  `numero_carta` int NOT NULL,
  `scadenza` date DEFAULT NULL,
  `metodo_pagamento_id_metodo_pagamento` int DEFAULT NULL,
  PRIMARY KEY (`id_tipo_pagamento`),
  KEY `FK353i0w17dh63n5pi5ggo0ip0t` (`metodo_pagamento_id_metodo_pagamento`),
  CONSTRAINT `FK353i0w17dh63n5pi5ggo0ip0t` FOREIGN KEY (`metodo_pagamento_id_metodo_pagamento`) REFERENCES `metodi_pagamenti` (`id_metodo_pagamento`)
) ENGINE=InnoDB DEFAULT CHARSET=utf8mb4 COLLATE=utf8mb4_0900_ai_ci;
/*!40101 SET character_set_client = @saved_cs_client */;

--
-- Dumping data for table `tipi_pagamenti`
--

LOCK TABLES `tipi_pagamenti` WRITE;
/*!40000 ALTER TABLE `tipi_pagamenti` DISABLE KEYS */;
INSERT INTO `tipi_pagamenti` VALUES (1,220,'Mario Rossi',12345678,'2023-12-31',1);
/*!40000 ALTER TABLE `tipi_pagamenti` ENABLE KEYS */;
UNLOCK TABLES;

--
-- Table structure for table `utenti`
--

DROP TABLE IF EXISTS `utenti`;
/*!40101 SET @saved_cs_client     = @@character_set_client */;
/*!50503 SET character_set_client = utf8mb4 */;
CREATE TABLE `utenti` (
  `id_Utente` int NOT NULL AUTO_INCREMENT,
  `nome` varchar(45) DEFAULT NULL,
  `cognome` varchar(45) DEFAULT NULL,
  `email` varchar(45) DEFAULT NULL,
  `telefono` varchar(45) DEFAULT NULL,
  `username` varchar(45) DEFAULT NULL,
  `password` varchar(45) DEFAULT NULL,
  `ruolo_id_ruolo` int DEFAULT '1',
  PRIMARY KEY (`id_Utente`),
  KEY `FK9amjr13m7nbmn589esb5x4j6h` (`ruolo_id_ruolo`),
  CONSTRAINT `FK9amjr13m7nbmn589esb5x4j6h` FOREIGN KEY (`ruolo_id_ruolo`) REFERENCES `ruoli` (`id_Ruolo`)
) ENGINE=InnoDB AUTO_INCREMENT=12 DEFAULT CHARSET=utf8mb4 COLLATE=utf8mb4_0900_ai_ci;
/*!40101 SET character_set_client = @saved_cs_client */;

--
-- Dumping data for table `utenti`
--

LOCK TABLES `utenti` WRITE;
/*!40000 ALTER TABLE `utenti` DISABLE KEYS */;
INSERT INTO `utenti` VALUES (1,'Mario','Rossi','mariorossi80@hotmail.it','0961721943','mrossi','marioRo',1),(2,'Carlo','Bianchi','carlobianchi68@hotmail.it','02721944','cbianchi','carloBi',1),(3,'Marco','Verdi','marcoverdi@hotmail.it','0763726543','mverdi','marcoVe',1),(4,'Matteo','Ciano','matteociano@kitcheninlove.it','02345601','mciano','matteoCi',2),(5,'Maria','Parioppa','mariaparioppa@kitcheninlove.it','02345602','mparioppa','mariaPa',2),(6,'aaaaaa','aaaaaa','aaaaaa@aaa.it','123456','aaaaaa','aaaaaa',1),(7,'bbbbbb','bbbbbb','a1@a1.it','bbbbbb','bbbbbb','bbbbbb',1),(8,'ccccccc','ccccccc','ccc.ccc@ii.it','222222','cccccc','cccccc',1),(9,'cccccc','cccccc','cccccc@cccccc.it','11111111','cccccc','cccccc',3),(10,'Ino','Magazzi','maga.Zino@ploplo.com','0987654321','Magazzi','magaZi',3);
/*!40000 ALTER TABLE `utenti` ENABLE KEYS */;
UNLOCK TABLES;
/*!40103 SET TIME_ZONE=@OLD_TIME_ZONE */;

/*!40101 SET SQL_MODE=@OLD_SQL_MODE */;
/*!40014 SET FOREIGN_KEY_CHECKS=@OLD_FOREIGN_KEY_CHECKS */;
/*!40014 SET UNIQUE_CHECKS=@OLD_UNIQUE_CHECKS */;
/*!40101 SET CHARACTER_SET_CLIENT=@OLD_CHARACTER_SET_CLIENT */;
/*!40101 SET CHARACTER_SET_RESULTS=@OLD_CHARACTER_SET_RESULTS */;
/*!40101 SET COLLATION_CONNECTION=@OLD_COLLATION_CONNECTION */;
/*!40111 SET SQL_NOTES=@OLD_SQL_NOTES */;

-- Dump completed on 2021-03-29 12:40:43
